,beaconId,relayNo,rssiVal,timeStamp
0,0000,14,0,2019-03-28 17:49:55.676858
1,f103,14,3,2019-03-28 17:49:55.676900
2,1e50,14,12,2019-03-28 17:49:55.676913
3,0020,14,0,2019-03-28 17:49:55.676933
4,0000,14,0,2019-03-28 17:49:55.676944
5,330f,14,0,2019-03-28 17:49:55.676953
6,0698,16,85,2019-03-28 17:49:56.002678
7,0700,16,74,2019-03-28 17:49:56.002711
8,0698,16,89,2019-03-28 17:49:56.002722
9,0020,16,0,2019-03-28 17:49:56.002732
10,0000,16,0,2019-03-28 17:49:56.002741
11,e311,16,0,2019-03-28 17:49:56.002750
12,0698,04,93,2019-03-28 17:49:56.111764
13,0103,04,3,2019-03-28 17:49:56.111787
14,1e50,04,12,2019-03-28 17:49:56.111799
15,0020,04,0,2019-03-28 17:49:56.111806
16,0000,04,0,2019-03-28 17:49:56.111811
17,230a,04,0,2019-03-28 17:49:56.111821
18,0700,08,91,2019-03-28 17:49:56.111846
19,0e03,08,3,2019-03-28 17:49:56.111855
20,1e50,08,12,2019-03-28 17:49:56.111861
21,0020,08,0,2019-03-28 17:49:56.111868
22,0000,08,0,2019-03-28 17:49:56.111877
23,1321,08,0,2019-03-28 17:49:56.111883
24,0000,13,0,2019-03-28 17:49:56.327872
25,0b03,13,3,2019-03-28 17:49:56.327903
26,1e50,13,12,2019-03-28 17:49:56.327915
27,0020,13,0,2019-03-28 17:49:56.327924
28,0000,13,0,2019-03-28 17:49:56.327933
29,2322,13,0,2019-03-28 17:49:56.327942
30,0699,07,90,2019-03-28 17:49:56.836645
31,fa03,07,3,2019-03-28 17:49:56.836677
32,1e50,07,12,2019-03-28 17:49:56.836688
33,0020,07,0,2019-03-28 17:49:56.836697
34,0000,07,0,2019-03-28 17:49:56.836705
35,e325,07,0,2019-03-28 17:49:56.836714
36,0698,18,88,2019-03-28 17:49:56.836763
37,0103,18,3,2019-03-28 17:49:56.836776
38,1e50,18,12,2019-03-28 17:49:56.836795
39,0020,18,0,2019-03-28 17:49:56.836804
40,0000,18,0,2019-03-28 17:49:56.836813
41,d31a,18,0,2019-03-28 17:49:56.836821
42,0007,20,91,2019-03-28 17:49:57.264107
43,0503,20,3,2019-03-28 17:49:57.264139
44,1e50,20,12,2019-03-28 17:49:57.264150
45,0020,20,0,2019-03-28 17:49:57.264175
46,0000,20,0,2019-03-28 17:49:57.264187
47,3309,20,0,2019-03-28 17:49:57.264197
48,0700,05,88,2019-03-28 17:49:57.264230
49,0700,05,89,2019-03-28 17:49:57.264241
50,1e50,05,12,2019-03-28 17:49:57.264250
51,0020,05,0,2019-03-28 17:49:57.264258
52,0000,05,0,2019-03-28 17:49:57.264267
53,331e,05,0,2019-03-28 17:49:57.264286
54,0000,03,0,2019-03-28 17:49:57.346360
55,fd03,03,3,2019-03-28 17:49:57.346386
56,1e50,03,12,2019-03-28 17:49:57.346404
57,0020,03,0,2019-03-28 17:49:57.346416
58,0000,03,0,2019-03-28 17:49:57.346426
59,130b,03,0,2019-03-28 17:49:57.346437
60,0699,15,90,2019-03-28 17:49:57.346468
61,0700,15,87,2019-03-28 17:49:57.346479
62,1e50,15,12,2019-03-28 17:49:57.346488
63,0020,15,0,2019-03-28 17:49:57.346497
64,0000,15,0,2019-03-28 17:49:57.346505
65,e320,15,0,2019-03-28 17:49:57.346513
66,0699,06,85,2019-03-28 17:49:57.346537
67,0698,06,90,2019-03-28 17:49:57.346546
68,0700,06,90,2019-03-28 17:49:57.346554
69,0020,06,0,2019-03-28 17:49:57.346570
70,0000,06,0,2019-03-28 17:49:57.346579
71,f31d,06,0,2019-03-28 17:49:57.346587
72,0700,17,89,2019-03-28 17:49:57.346609
73,0699,17,88,2019-03-28 17:49:57.346619
74,1e50,17,12,2019-03-28 17:49:57.346627
75,0020,17,0,2019-03-28 17:49:57.346635
76,0000,17,0,2019-03-28 17:49:57.346643
77,031b,17,0,2019-03-28 17:49:57.346651
78,0000,09,0,2019-03-28 17:49:57.657905
79,0403,09,3,2019-03-28 17:49:57.657936
80,1e50,09,12,2019-03-28 17:49:57.657962
81,0020,09,0,2019-03-28 17:49:57.657972
82,0000,09,0,2019-03-28 17:49:57.657981
83,f315,09,0,2019-03-28 17:49:57.657989
84,0007,24,92,2019-03-28 17:49:57.766812
85,0203,24,3,2019-03-28 17:49:57.766839
86,1e50,24,12,2019-03-28 17:49:57.766848
87,0020,24,0,2019-03-28 17:49:57.766858
88,0000,24,0,2019-03-28 17:49:57.766872
89,2329,24,0,2019-03-28 17:49:57.766888
90,0000,19,0,2019-03-28 17:49:57.766931
91,0535,19,1,2019-03-28 17:49:57.766949
92,0000,19,0,2019-03-28 17:49:57.766960
93,0000,19,34,2019-03-28 17:49:57.766979
94,e73e,19,0,2019-03-28 17:49:57.766989
95,f7e7,19,62,2019-03-28 17:49:57.766996
96,0000,14,0,2019-03-28 17:49:57.865812
97,f103,14,3,2019-03-28 17:49:57.865833
98,1e50,14,12,2019-03-28 17:49:57.865838
99,0020,14,0,2019-03-28 17:49:57.865843
100,0000,14,0,2019-03-28 17:49:57.865847
101,030e,14,0,2019-03-28 17:49:57.865851
102,0700,16,78,2019-03-28 17:49:58.171538
103,0700,16,74,2019-03-28 17:49:58.171571
104,1e50,16,12,2019-03-28 17:49:58.171583
105,0020,16,0,2019-03-28 17:49:58.171592
106,0000,16,0,2019-03-28 17:49:58.171601
107,0318,16,0,2019-03-28 17:49:58.171611
108,0698,04,93,2019-03-28 17:49:58.268407
109,0535,04,1,2019-03-28 17:49:58.268435
110,0000,04,0,2019-03-28 17:49:58.268444
111,0000,04,16,2019-03-28 17:49:58.268452
112,933f,04,0,2019-03-28 17:49:58.268459
113,c594,04,63,2019-03-28 17:49:58.268474
114,0700,08,89,2019-03-28 17:49:58.268503
115,0700,08,91,2019-03-28 17:49:58.268512
116,1e50,08,12,2019-03-28 17:49:58.268520
117,0020,08,0,2019-03-28 17:49:58.268538
118,0000,08,0,2019-03-28 17:49:58.268554
119,f307,08,0,2019-03-28 17:49:58.268562
120,0000,02,0,2019-03-28 17:49:58.427063
121,f703,02,3,2019-03-28 17:49:58.427096
122,1e50,02,12,2019-03-28 17:49:58.427106
123,0020,02,0,2019-03-28 17:49:58.427115
124,0000,02,0,2019-03-28 17:49:58.427124
125,2316,02,0,2019-03-28 17:49:58.427132
126,0700,15,87,2019-03-28 17:49:58.884979
127,0700,15,87,2019-03-28 17:49:58.885013
128,0000,15,0,2019-03-28 17:49:58.885025
129,0000,15,34,2019-03-28 17:49:58.885034
130,ce3f,15,0,2019-03-28 17:49:58.885043
131,f7ce,15,63,2019-03-28 17:49:58.885052
132,0699,07,90,2019-03-28 17:49:58.985852
133,0b03,07,3,2019-03-28 17:49:58.985884
134,1e50,07,12,2019-03-28 17:49:58.985894
135,0020,07,0,2019-03-28 17:49:58.985903
136,0000,07,0,2019-03-28 17:49:58.985912
137,031d,07,0,2019-03-28 17:49:58.985920
138,0700,18,91,2019-03-28 17:49:58.985968
139,0699,18,91,2019-03-28 17:49:58.985982
140,0698,18,86,2019-03-28 17:49:58.986001
141,0020,18,0,2019-03-28 17:49:58.986025
142,0000,18,0,2019-03-28 17:49:58.986047
143,e329,18,0,2019-03-28 17:49:58.986065
144,0700,05,92,2019-03-28 17:49:59.103347
145,0700,05,89,2019-03-28 17:49:59.103380
146,1e50,05,12,2019-03-28 17:49:59.103391
147,0020,05,0,2019-03-28 17:49:59.103401
148,0000,05,0,2019-03-28 17:49:59.103409
149,2309,05,0,2019-03-28 17:49:59.103419
150,0000,03,0,2019-03-28 17:49:59.270033
151,f603,03,3,2019-03-28 17:49:59.270064
152,1e50,03,12,2019-03-28 17:49:59.270075
153,0020,03,0,2019-03-28 17:49:59.270102
154,0000,03,0,2019-03-28 17:49:59.270114
155,2316,03,0,2019-03-28 17:49:59.270122
156,0700,17,89,2019-03-28 17:49:59.528394
157,0699,17,91,2019-03-28 17:49:59.528454
158,0698,17,90,2019-03-28 17:49:59.528480
159,0020,17,0,2019-03-28 17:49:59.528499
160,0000,17,0,2019-03-28 17:49:59.528518
161,031a,17,0,2019-03-28 17:49:59.528535
162,0000,09,0,2019-03-28 17:50:00.877396
163,f903,09,3,2019-03-28 17:50:00.877428
164,1e50,09,12,2019-03-28 17:50:00.877439
165,0020,09,0,2019-03-28 17:50:00.877464
166,0000,09,0,2019-03-28 17:50:00.877476
167,332c,09,0,2019-03-28 17:50:00.877485
168,0007,20,86,2019-03-28 17:50:00.962998
169,0000,20,0,2019-03-28 17:50:00.963032
170,0000,20,0,2019-03-28 17:50:00.963043
171,0000,20,68,2019-03-28 17:50:00.963052
172,0740,20,0,2019-03-28 17:50:00.963060
173,9108,20,64,2019-03-28 17:50:00.963069
174,0000,19,0,2019-03-28 17:50:00.963116
175,ff03,19,3,2019-03-28 17:50:00.963129
176,1e50,19,12,2019-03-28 17:50:00.963138
177,0020,19,0,2019-03-28 17:50:00.963146
178,0000,19,0,2019-03-28 17:50:00.963155
179,032e,19,0,2019-03-28 17:50:00.963163
180,0000,02,0,2019-03-28 17:50:00.963188
181,0f03,02,3,2019-03-28 17:50:00.963198
182,1e50,02,12,2019-03-28 17:50:00.963207
183,0020,02,0,2019-03-28 17:50:00.963215
184,0000,02,0,2019-03-28 17:50:00.963223
185,3321,02,0,2019-03-28 17:50:00.963232
186,0000,03,0,2019-03-28 17:50:01.080083
187,f603,03,3,2019-03-28 17:50:01.080129
188,1e50,03,12,2019-03-28 17:50:01.080170
189,0020,03,0,2019-03-28 17:50:01.080203
190,0000,03,0,2019-03-28 17:50:01.080225
191,2316,03,0,2019-03-28 17:50:01.080242
192,0700,15,87,2019-03-28 17:50:01.080301
193,0700,15,87,2019-03-28 17:50:01.080325
194,0000,15,0,2019-03-28 17:50:01.080346
195,0000,15,34,2019-03-28 17:50:01.080366
196,ce3f,15,0,2019-03-28 17:50:01.080385
197,f7ce,15,63,2019-03-28 17:50:01.080420
198,0000,14,0,2019-03-28 17:50:01.080475
199,f103,14,3,2019-03-28 17:50:01.080497
200,1e50,14,12,2019-03-28 17:50:01.080517
201,0020,14,0,2019-03-28 17:50:01.080536
202,0000,14,0,2019-03-28 17:50:01.080557
203,030e,14,0,2019-03-28 17:50:01.080591
204,0699,06,91,2019-03-28 17:50:01.080628
205,0698,06,84,2019-03-28 17:50:01.080639
206,0700,06,90,2019-03-28 17:50:01.080648
207,0020,06,0,2019-03-28 17:50:01.080657
208,0000,06,0,2019-03-28 17:50:01.080666
209,f310,06,0,2019-03-28 17:50:01.080674
210,0000,14,0,2019-03-28 17:50:01.080697
211,f503,14,3,2019-03-28 17:50:01.080707
212,1e50,14,12,2019-03-28 17:50:01.080716
213,0020,14,0,2019-03-28 17:50:01.080734
214,0000,14,0,2019-03-28 17:50:01.080746
215,3324,14,0,2019-03-28 17:50:01.080755
216,0700,05,92,2019-03-28 17:50:01.751842
217,ff03,05,3,2019-03-28 17:50:01.751887
218,1e50,05,12,2019-03-28 17:50:01.751906
219,0020,05,0,2019-03-28 17:50:01.751925
220,0000,05,0,2019-03-28 17:50:01.751937
221,030a,05,0,2019-03-28 17:50:01.751946
222,0000,02,0,2019-03-28 17:50:01.751994
223,0535,02,1,2019-03-28 17:50:01.752008
224,0000,02,0,2019-03-28 17:50:01.752017
225,0000,02,98,2019-03-28 17:50:01.752026
226,2741,02,0,2019-03-28 17:50:01.752034
227,3828,02,65,2019-03-28 17:50:01.752043
228,0000,03,0,2019-03-28 17:50:01.978475
229,0f03,03,3,2019-03-28 17:50:01.978563
230,1e50,03,12,2019-03-28 17:50:01.978587
231,0020,03,0,2019-03-28 17:50:01.978606
232,0000,03,0,2019-03-28 17:50:01.978622
233,232a,03,0,2019-03-28 17:50:01.978640
234,0700,15,87,2019-03-28 17:50:01.978680
235,f903,15,3,2019-03-28 17:50:01.978691
236,1e50,15,12,2019-03-28 17:50:01.978700
237,0020,15,0,2019-03-28 17:50:01.978720
238,0000,15,0,2019-03-28 17:50:01.978731
239,1315,15,0,2019-03-28 17:50:01.978741
240,0700,17,89,2019-03-28 17:50:01.978768
241,0699,17,91,2019-03-28 17:50:01.978779
242,0698,17,90,2019-03-28 17:50:01.978798
243,0020,17,0,2019-03-28 17:50:01.978809
244,0000,17,0,2019-03-28 17:50:01.978818
245,031a,17,0,2019-03-28 17:50:01.978827
246,0700,17,89,2019-03-28 17:50:01.978853
247,f903,17,3,2019-03-28 17:50:01.978863
248,1e50,17,12,2019-03-28 17:50:01.978873
249,0020,17,0,2019-03-28 17:50:01.978881
250,0000,17,0,2019-03-28 17:50:01.978890
251,331a,17,0,2019-03-28 17:50:01.978899
252,0700,18,91,2019-03-28 17:50:01.978921
253,f103,18,3,2019-03-28 17:50:01.978940
254,1e50,18,12,2019-03-28 17:50:01.978951
255,0020,18,0,2019-03-28 17:50:01.978960
256,0000,18,0,2019-03-28 17:50:01.978969
257,f316,18,0,2019-03-28 17:50:01.978978
258,0700,16,74,2019-03-28 17:50:02.075368
259,0700,16,74,2019-03-28 17:50:02.075391
260,1e50,16,12,2019-03-28 17:50:02.075397
261,0020,16,0,2019-03-28 17:50:02.075402
262,0000,16,0,2019-03-28 17:50:02.075406
263,2312,16,0,2019-03-28 17:50:02.075410
264,0000,19,0,2019-03-28 17:50:02.173559
265,fc03,19,3,2019-03-28 17:50:02.173591
266,1e50,19,12,2019-03-28 17:50:02.173603
267,0020,19,0,2019-03-28 17:50:02.173613
268,0000,19,0,2019-03-28 17:50:02.173622
269,3322,19,0,2019-03-28 17:50:02.173632
270,0698,06,83,2019-03-28 17:50:02.572748
271,0699,06,85,2019-03-28 17:50:02.572782
272,0700,06,90,2019-03-28 17:50:02.572793
273,0000,06,40,2019-03-28 17:50:02.572803
274,9a41,06,0,2019-03-28 17:50:02.572822
275,fd9a,06,65,2019-03-28 17:50:02.572834
276,0000,14,0,2019-03-28 17:50:02.572867
277,f903,14,3,2019-03-28 17:50:02.572878
278,1e50,14,12,2019-03-28 17:50:02.572887
279,0020,14,0,2019-03-28 17:50:02.572895
280,0000,14,0,2019-03-28 17:50:02.572904
281,0698,16,84,2019-03-28 17:50:02.979946
282,0700,16,78,2019-03-28 17:50:02.979979
283,0698,16,89,2019-03-28 17:50:02.979991
284,0020,16,0,2019-03-28 17:50:02.980000
285,0000,16,0,2019-03-28 17:50:02.980043
286,2316,16,0,2019-03-28 17:50:02.980056
287,0000,09,0,2019-03-28 17:50:02.980099
288,0703,09,3,2019-03-28 17:50:02.980112
289,1e50,09,12,2019-03-28 17:50:02.980121
290,0020,09,0,2019-03-28 17:50:02.980130
291,0000,09,0,2019-03-28 17:50:02.980138
292,f30b,09,0,2019-03-28 17:50:02.980147
293,0007,20,87,2019-03-28 17:50:03.092005
294,0000,20,0,2019-03-28 17:50:03.092023
295,1e50,20,12,2019-03-28 17:50:03.092029
296,0020,20,0,2019-03-28 17:50:03.092033
297,0000,20,0,2019-03-28 17:50:03.092037
298,3318,20,0,2019-03-28 17:50:03.092042
299,0700,15,88,2019-03-28 17:50:03.197011
300,0700,15,87,2019-03-28 17:50:03.197036
301,1e50,15,12,2019-03-28 17:50:03.197142
302,0020,15,0,2019-03-28 17:50:03.197154
303,0000,15,0,2019-03-28 17:50:03.197163
304,f319,15,0,2019-03-28 17:50:03.197172
305,0699,07,90,2019-03-28 17:50:03.197203
306,fc03,07,3,2019-03-28 17:50:03.197213
307,1e50,07,12,2019-03-28 17:50:03.197223
308,0020,07,0,2019-03-28 17:50:03.197232
309,0000,07,0,2019-03-28 17:50:03.197249
310,130b,07,0,2019-03-28 17:50:03.197263
311,0698,04,93,2019-03-28 17:50:03.603843
312,0b03,04,3,2019-03-28 17:50:03.603876
313,1e50,04,12,2019-03-28 17:50:03.603887
314,0020,04,0,2019-03-28 17:50:03.603897
315,0000,04,0,2019-03-28 17:50:03.603906
316,1319,04,0,2019-03-28 17:50:03.603915
317,0700,08,87,2019-03-28 17:50:03.603946
318,0700,08,91,2019-03-28 17:50:03.603957
319,1e50,08,12,2019-03-28 17:50:03.603968
320,0020,08,0,2019-03-28 17:50:03.603986
321,0000,08,0,2019-03-28 17:50:03.604004
322,d316,08,0,2019-03-28 17:50:03.604022
323,0700,05,91,2019-03-28 17:50:03.685461
324,0700,05,89,2019-03-28 17:50:03.685487
325,1e50,05,12,2019-03-28 17:50:03.685498
326,0020,05,0,2019-03-28 17:50:03.685509
327,0000,05,0,2019-03-28 17:50:03.685518
328,2319,05,0,2019-03-28 17:50:03.685528
329,0000,02,0,2019-03-28 17:50:03.685556
330,f503,02,3,2019-03-28 17:50:03.685566
331,1e50,02,12,2019-03-28 17:50:03.685576
332,0020,02,0,2019-03-28 17:50:03.685585
333,0000,02,0,2019-03-28 17:50:03.685604
334,2309,02,0,2019-03-28 17:50:03.685616
335,0000,03,0,2019-03-28 17:50:03.885861
336,0703,03,3,2019-03-28 17:50:03.885886
337,1e50,03,12,2019-03-28 17:50:03.885896
338,0020,03,0,2019-03-28 17:50:03.885905
339,0000,03,0,2019-03-28 17:50:03.885914
340,3328,03,0,2019-03-28 17:50:03.885923
341,0700,17,89,2019-03-28 17:50:04.099173
342,f303,17,3,2019-03-28 17:50:04.099207
343,1e50,17,12,2019-03-28 17:50:04.099218
344,0020,17,0,2019-03-28 17:50:04.099228
345,0000,17,0,2019-03-28 17:50:04.099237
346,f323,17,0,2019-03-28 17:50:04.099245
347,0699,18,92,2019-03-28 17:50:04.099276
348,0698,18,86,2019-03-28 17:50:04.099298
349,0700,18,90,2019-03-28 17:50:04.099311
350,0000,18,0,2019-03-28 17:50:04.099320
351,8142,18,0,2019-03-28 17:50:04.099329
352,e681,18,66,2019-03-28 17:50:04.099338
353,0007,20,90,2019-03-28 17:50:04.636064
354,0000,20,0,2019-03-28 17:50:04.636098
355,1e50,20,12,2019-03-28 17:50:04.636113
356,0020,20,0,2019-03-28 17:50:04.636122
357,0000,20,0,2019-03-28 17:50:04.636142
358,132c,20,0,2019-03-28 17:50:04.636153
359,0000,19,0,2019-03-28 17:50:04.636274
360,fd03,19,3,2019-03-28 17:50:04.636303
361,1e50,19,12,2019-03-28 17:50:04.636314
362,0020,19,0,2019-03-28 17:50:04.636323
363,0000,19,0,2019-03-28 17:50:04.636332
364,e31b,19,0,2019-03-28 17:50:04.636340
365,0000,13,0,2019-03-28 17:50:04.636371
366,0403,13,3,2019-03-28 17:50:04.636381
367,1e50,13,12,2019-03-28 17:50:04.636391
368,0020,13,0,2019-03-28 17:50:04.636399
369,0000,13,0,2019-03-28 17:50:04.636408
370,d310,13,0,2019-03-28 17:50:04.636416
371,0700,06,90,2019-03-28 17:50:04.855995
372,0699,06,89,2019-03-28 17:50:04.856028
373,0698,06,83,2019-03-28 17:50:04.856040
374,0000,06,0,2019-03-28 17:50:04.856050
375,0000,06,0,2019-03-28 17:50:04.856058
376,130a,06,0,2019-03-28 17:50:04.856067
377,0000,14,0,2019-03-28 17:50:04.856097
378,ff03,14,3,2019-03-28 17:50:04.856107
379,1e50,14,12,2019-03-28 17:50:04.856116
380,0020,14,0,2019-03-28 17:50:04.856125
381,0000,14,0,2019-03-28 17:50:04.856154
382,3318,14,0,2019-03-28 17:50:04.856167
383,0700,16,78,2019-03-28 17:50:04.942462
384,0700,16,78,2019-03-28 17:50:04.942494
385,1e50,16,12,2019-03-28 17:50:04.942505
386,0020,16,0,2019-03-28 17:50:04.942515
387,0000,16,0,2019-03-28 17:50:04.942524
388,0309,16,0,2019-03-28 17:50:04.942532
389,0698,04,93,2019-03-28 17:50:05.117397
390,f403,04,3,2019-03-28 17:50:05.117415
391,1e50,04,12,2019-03-28 17:50:05.117421
392,0020,04,0,2019-03-28 17:50:05.117425
393,0000,04,0,2019-03-28 17:50:05.117429
394,1312,04,0,2019-03-28 17:50:05.117433
395,0000,21,0,2019-03-28 17:50:05.233825
396,0303,21,3,2019-03-28 17:50:05.233853
397,1e50,21,12,2019-03-28 17:50:05.233865
398,0020,21,0,2019-03-28 17:50:05.233875
399,0000,21,0,2019-03-28 17:50:05.233886
400,330e,21,0,2019-03-28 17:50:05.233896
401,0699,15,89,2019-03-28 17:50:05.391425
402,0700,15,86,2019-03-28 17:50:05.391451
403,0698,15,91,2019-03-28 17:50:05.391463
404,0020,15,0,2019-03-28 17:50:05.391483
405,0000,15,0,2019-03-28 17:50:05.391501
406,3319,15,0,2019-03-28 17:50:05.391514
407,0699,07,90,2019-03-28 17:50:05.493602
408,fe03,07,3,2019-03-28 17:50:05.493628
409,1e50,07,12,2019-03-28 17:50:05.493649
410,0020,07,0,2019-03-28 17:50:05.493659
411,0000,07,0,2019-03-28 17:50:05.493666
412,d30d,07,0,2019-03-28 17:50:05.493674
413,0000,09,0,2019-03-28 17:50:05.858400
414,0403,09,3,2019-03-28 17:50:05.858433
415,1e50,09,12,2019-03-28 17:50:05.858444
416,0020,09,0,2019-03-28 17:50:05.858453
417,0000,09,0,2019-03-28 17:50:05.858461
418,e319,09,0,2019-03-28 17:50:05.858470
419,0700,08,91,2019-03-28 17:50:05.961973
420,0700,08,91,2019-03-28 17:50:05.961992
421,1e50,08,12,2019-03-28 17:50:05.961998
422,0020,08,0,2019-03-28 17:50:05.962003
423,0000,08,0,2019-03-28 17:50:05.962007
424,232d,08,0,2019-03-28 17:50:05.962011
425,0700,05,92,2019-03-28 17:50:05.962026
426,0700,05,89,2019-03-28 17:50:05.962031
427,1e50,05,12,2019-03-28 17:50:05.962036
428,0020,05,0,2019-03-28 17:50:05.962040
429,0000,05,0,2019-03-28 17:50:05.962050
430,1310,05,0,2019-03-28 17:50:05.962056
431,0000,02,0,2019-03-28 17:50:05.962092
432,0903,02,3,2019-03-28 17:50:05.962113
433,1e50,02,12,2019-03-28 17:50:05.962123
434,0020,02,0,2019-03-28 17:50:05.962150
435,0000,02,0,2019-03-28 17:50:05.962158
436,f318,02,0,2019-03-28 17:50:05.962162
437,0000,03,0,2019-03-28 17:50:06.188600
438,0003,03,3,2019-03-28 17:50:06.188633
439,1e50,03,12,2019-03-28 17:50:06.188645
440,0020,03,0,2019-03-28 17:50:06.188654
441,0000,03,0,2019-03-28 17:50:06.188663
442,1325,03,0,2019-03-28 17:50:06.188671
443,0700,17,91,2019-03-28 17:50:06.667909
444,0699,17,91,2019-03-28 17:50:06.667942
445,1e50,17,12,2019-03-28 17:50:06.667953
446,0020,17,0,2019-03-28 17:50:06.667963
447,0000,17,0,2019-03-28 17:50:06.667971
448,230c,17,0,2019-03-28 17:50:06.667980
449,0700,18,90,2019-03-28 17:50:06.668010
450,0698,18,86,2019-03-28 17:50:06.668020
451,1e50,18,12,2019-03-28 17:50:06.668029
452,0020,18,0,2019-03-28 17:50:06.668039
453,0000,18,0,2019-03-28 17:50:06.668069
454,3313,18,0,2019-03-28 17:50:06.668082
455,0000,09,0,2019-03-28 17:50:06.763447
456,0103,09,3,2019-03-28 17:50:06.763479
457,1e50,09,12,2019-03-28 17:50:06.763489
458,0020,09,0,2019-03-28 17:50:06.763499
459,0000,09,0,2019-03-28 17:50:06.763508
460,230a,09,0,2019-03-28 17:50:06.763516
461,0007,20,84,2019-03-28 17:50:06.930903
462,0000,20,0,2019-03-28 17:50:06.930936
463,1e50,20,12,2019-03-28 17:50:06.930953
464,0020,20,0,2019-03-28 17:50:06.930963
465,0000,20,0,2019-03-28 17:50:06.930972
466,0317,20,0,2019-03-28 17:50:06.930997
467,0000,13,0,2019-03-28 17:50:07.024472
468,0b03,13,3,2019-03-28 17:50:07.024505
469,1e50,13,12,2019-03-28 17:50:07.024515
470,0020,13,0,2019-03-28 17:50:07.024525
471,0000,13,0,2019-03-28 17:50:07.024533
472,031d,13,0,2019-03-28 17:50:07.024542
473,0000,14,0,2019-03-28 17:50:07.320699
474,f203,14,3,2019-03-28 17:50:07.320732
475,1e50,14,12,2019-03-28 17:50:07.320744
476,0020,14,0,2019-03-28 17:50:07.320753
477,0000,14,0,2019-03-28 17:50:07.320776
478,1317,14,0,2019-03-28 17:50:07.320788
479,0699,06,85,2019-03-28 17:50:07.320823
480,0698,06,83,2019-03-28 17:50:07.320834
481,0698,06,83,2019-03-28 17:50:07.320844
482,0020000,06,0,2019-03-28 17:50:07.320853
483,e30b,06,0,2019-03-28 17:50:07.320870
484,0700,16,81,2019-03-28 17:50:07.409142
485,0700,16,78,2019-03-28 17:50:07.409165
486,1e50,16,12,2019-03-28 17:50:07.409173
487,0020,16,0,2019-03-28 17:50:07.409180
488,0000,16,0,2019-03-28 17:50:07.409185
489,3327,16,0,2019-03-28 17:50:07.409191
490,0698,04,93,2019-03-28 17:50:07.409344
491,fc03,04,3,2019-03-28 17:50:07.409355
492,1e50,04,12,2019-03-28 17:50:07.409362
493,0020,04,0,2019-03-28 17:50:07.409367
494,0000,04,0,2019-03-28 17:50:07.409373
495,e320,04,0,2019-03-28 17:50:07.409379
496,0000,19,0,2019-03-28 17:50:07.895786
497,f103,19,3,2019-03-28 17:50:07.895820
498,1e50,19,12,2019-03-28 17:50:07.895832
499,0020,19,0,2019-03-28 17:50:07.895841
500,0000,19,0,2019-03-28 17:50:07.895850
501,2313,19,0,2019-03-28 17:50:07.895873
502,0699,15,89,2019-03-28 17:50:07.984585
503,0d03,15,3,2019-03-28 17:50:07.984634
504,1e50,15,12,2019-03-28 17:50:07.984648
505,0020,15,0,2019-03-28 17:50:07.984657
506,0000,15,0,2019-03-28 17:50:07.984666
507,0318,15,0,2019-03-28 17:50:07.984675
508,0000,21,0,2019-03-28 17:50:08.082763
509,f903,21,3,2019-03-28 17:50:08.082795
510,1e50,21,12,2019-03-28 17:50:08.082806
511,0020,21,0,2019-03-28 17:50:08.082815
512,0000,21,0,2019-03-28 17:50:08.082824
513,1315,21,0,2019-03-28 17:50:08.082832
514,0000,03,0,2019-03-28 17:50:08.476136
515,0b03,03,3,2019-03-28 17:50:08.476168
516,1e50,03,12,2019-03-28 17:50:08.476195
517,0020,03,0,2019-03-28 17:50:08.476216
518,0000,03,0,2019-03-28 17:50:08.476228
519,f313,03,0,2019-03-28 17:50:08.476237
520,0700,17,89,2019-03-28 17:50:09.124618
521,0699,17,91,2019-03-28 17:50:09.124652
522,1e50,17,12,2019-03-28 17:50:09.124663
523,0020,17,0,2019-03-28 17:50:09.124673
524,0000,17,0,2019-03-28 17:50:09.124682
525,332e,17,0,2019-03-28 17:50:09.124704
526,0698,18,87,2019-03-28 17:50:09.124752
527,0700,18,92,2019-03-28 17:50:09.124767
528,0700,18,90,2019-03-28 17:50:09.124776
529,0020,18,0,2019-03-28 17:50:09.124785
530,0000,18,0,2019-03-28 17:50:09.124794
531,3307,18,0,2019-03-28 17:50:09.124803
532,0700,05,88,2019-03-28 17:50:09.222292
533,0700,05,89,2019-03-28 17:50:09.222325
534,1e50,05,12,2019-03-28 17:50:09.222336
535,0020,05,0,2019-03-28 17:50:09.222346
536,0000,05,0,2019-03-28 17:50:09.222355
537,0328,05,0,2019-03-28 17:50:09.222364
538,0000,13,0,2019-03-28 17:50:09.222580
539,f403,13,3,2019-03-28 17:50:09.222596
540,1e50,13,12,2019-03-28 17:50:09.222604
541,0020,13,0,2019-03-28 17:50:09.222613
542,0000,13,0,2019-03-28 17:50:09.222622
543,f31e,13,0,2019-03-28 17:50:09.222631
544,0000,14,0,2019-03-28 17:50:10.832228
545,0203,14,3,2019-03-28 17:50:10.832298
546,1e50,14,12,2019-03-28 17:50:10.832321
547,0020,14,0,2019-03-28 17:50:10.832340
548,0000,14,0,2019-03-28 17:50:10.832357
549,3313,14,0,2019-03-28 17:50:10.832417
550,0699,06,88,2019-03-28 17:50:10.832471
551,0698,06,83,2019-03-28 17:50:10.832486
552,0698,06,83,2019-03-28 17:50:10.832504
553,002000,06,0,2019-03-28 17:50:10.832541
554,d318,06,0,2019-03-28 17:50:10.832561
555,0699,07,90,2019-03-28 17:50:10.832610
556,0103,07,3,2019-03-28 17:50:10.832630
557,1e50,07,12,2019-03-28 17:50:10.832639
558,0020,07,0,2019-03-28 17:50:10.832648
559,0000,07,0,2019-03-28 17:50:10.832657
560,d308,07,0,2019-03-28 17:50:10.832665
561,0700,16,74,2019-03-28 17:50:10.925439
562,0700,16,78,2019-03-28 17:50:10.925471
563,1e50,16,12,2019-03-28 17:50:10.925482
564,0020,16,0,2019-03-28 17:50:10.925492
565,0000,16,0,2019-03-28 17:50:10.925500
566,030d,16,0,2019-03-28 17:50:10.925509
567,0000,19,0,2019-03-28 17:50:10.925751
568,0535,19,1,2019-03-28 17:50:10.925768
569,0000,19,0,2019-03-28 17:50:10.925777
570,0000,19,95,2019-03-28 17:50:10.925808
571,fa44,19,0,2019-03-28 17:50:10.925820
572,34fb,19,68,2019-03-28 17:50:10.925829
573,0000,02,0,2019-03-28 17:50:10.925869
574,fc03,02,3,2019-03-28 17:50:10.925881
575,1e50,02,12,2019-03-28 17:50:10.925890
576,0020,02,0,2019-03-28 17:50:10.925898
577,0000,02,0,2019-03-28 17:50:10.925907
578,f317,02,0,2019-03-28 17:50:10.925915
579,0699,15,89,2019-03-28 17:50:10.926104
580,0c03,15,3,2019-03-28 17:50:10.926119
581,1e50,15,12,2019-03-28 17:50:10.926129
582,0020,15,0,2019-03-28 17:50:10.926137
583,0000,15,0,2019-03-28 17:50:10.926146
584,231d,15,0,2019-03-28 17:50:10.926155
585,0699,07,90,2019-03-28 17:50:10.926331
586,0303,07,3,2019-03-28 17:50:10.926346
587,1e50,07,12,2019-03-28 17:50:10.926355
588,0020,07,0,2019-03-28 17:50:10.926363
589,0000,07,0,2019-03-28 17:50:10.926372
590,e30c,07,0,2019-03-28 17:50:10.926381
591,0698,04,93,2019-03-28 17:50:12.065115
592,f203,04,3,2019-03-28 17:50:12.065149
593,1e50,04,12,2019-03-28 17:50:12.065160
594,0020,04,0,2019-03-28 17:50:12.065170
595,0000,04,0,2019-03-28 17:50:12.065178
596,330a,04,0,2019-03-28 17:50:12.065187
597,0700,08,91,2019-03-28 17:50:12.065242
598,f803,08,3,2019-03-28 17:50:12.065264
599,1e50,08,12,2019-03-28 17:50:12.065289
600,0020,08,0,2019-03-28 17:50:12.065306
601,0000,08,0,2019-03-28 17:50:12.065323
602,f326,08,0,2019-03-28 17:50:12.065335
603,0007,20,85,2019-03-28 17:50:12.065376
604,0000,20,0,2019-03-28 17:50:12.065388
605,1e50,20,12,2019-03-28 17:50:12.065397
606,0020,20,0,2019-03-28 17:50:12.065405
607,0000,20,0,2019-03-28 17:50:12.065414
608,3314,20,0,2019-03-28 17:50:12.065422
609,0007,20,86,2019-03-28 17:50:12.065445
610,0000,20,0,2019-03-28 17:50:12.065455
611,1e50,20,12,2019-03-28 17:50:12.065464
612,0020,20,0,2019-03-28 17:50:12.065473
613,0000,20,0,2019-03-28 17:50:12.065481
614,f324,20,0,2019-03-28 17:50:12.065490
615,0698,05,91,2019-03-28 17:50:12.065512
616,0700,05,87,2019-03-28 17:50:12.065522
617,0700,05,89,2019-03-28 17:50:12.065531
618,0020,05,0,2019-03-28 17:50:12.065540
619,0000,05,0,2019-03-28 17:50:12.065548
620,031f,05,0,2019-03-28 17:50:12.065557
621,0007,23,88,2019-03-28 17:50:12.065590
622,0000,23,0,2019-03-28 17:50:12.065602
623,1e50,23,12,2019-03-28 17:50:12.065620
624,0020,23,0,2019-03-28 17:50:12.065630
625,0000,23,0,2019-03-28 17:50:12.065640
626,f30a,23,0,2019-03-28 17:50:12.065648
627,0000,03,0,2019-03-28 17:50:12.065682
628,0e03,03,3,2019-03-28 17:50:12.065695
629,1e50,03,12,2019-03-28 17:50:12.065704
630,0020,03,0,2019-03-28 17:50:12.065712
631,0000,03,0,2019-03-28 17:50:12.065721
632,1321,03,0,2019-03-28 17:50:12.065730
633,0700,17,90,2019-03-28 17:50:12.162970
634,0699,17,91,2019-03-28 17:50:12.163002
635,1e50,17,12,2019-03-28 17:50:12.163014
636,0020,17,0,2019-03-28 17:50:12.163023
637,0000,17,0,2019-03-28 17:50:12.163032
638,231e,17,0,2019-03-28 17:50:12.163040
639,0007,24,92,2019-03-28 17:50:12.163264
640,f503,24,3,2019-03-28 17:50:12.163281
641,1e50,24,12,2019-03-28 17:50:12.163290
642,0020,24,0,2019-03-28 17:50:12.163298
643,0000,24,0,2019-03-28 17:50:12.163307
644,3312,24,0,2019-03-28 17:50:12.163316
645,0000,14,0,2019-03-28 17:50:12.163542
646,0b03,14,3,2019-03-28 17:50:12.163557
647,1e50,14,12,2019-03-28 17:50:12.163566
648,0020,14,0,2019-03-28 17:50:12.163575
649,0000,14,0,2019-03-28 17:50:12.163583
650,331e,14,0,2019-03-28 17:50:12.163591
651,0699,06,86,2019-03-28 17:50:12.163619
652,0698,06,88,2019-03-28 17:50:12.163629
653,0698,06,83,2019-03-28 17:50:12.163650
654,0020,06,0,2019-03-28 17:50:12.163660
655,0000,06,0,2019-03-28 17:50:12.163669
656,2324,06,0,2019-03-28 17:50:12.163678
657,0698,18,87,2019-03-28 17:50:12.163703
658,0203,18,3,2019-03-28 17:50:12.163713
659,1e50,18,12,2019-03-28 17:50:12.163721
660,0020,18,0,2019-03-28 17:50:12.163730
661,0000,18,0,2019-03-28 17:50:12.163738
662,0324,18,0,2019-03-28 17:50:12.163747
663,0698,16,85,2019-03-28 17:50:12.163769
664,0700,16,78,2019-03-28 17:50:12.163779
665,0698,16,89,2019-03-28 17:50:12.163787
666,0020,16,0,2019-03-28 17:50:12.163796
667,0000,16,0,2019-03-28 17:50:12.163804
668,e32d,16,0,2019-03-28 17:50:12.163813
669,0000,09,0,2019-03-28 17:50:12.163994
670,0703,09,3,2019-03-28 17:50:12.164009
671,1e50,09,12,2019-03-28 17:50:12.164017
672,0020,09,0,2019-03-28 17:50:12.164026
673,0000,09,0,2019-03-28 17:50:12.164035
674,e326,09,0,2019-03-28 17:50:12.164043
675,0000,19,0,2019-03-28 17:50:12.256978
676,0103,19,3,2019-03-28 17:50:12.257004
677,1e50,19,12,2019-03-28 17:50:12.257015
678,0020,19,0,2019-03-28 17:50:12.257025
679,0000,19,0,2019-03-28 17:50:12.257035
680,e311,19,0,2019-03-28 17:50:12.257048
681,0000,02,0,2019-03-28 17:50:12.257102
682,f403,02,3,2019-03-28 17:50:12.257117
683,1e50,02,12,2019-03-28 17:50:12.257128
684,0020,02,0,2019-03-28 17:50:12.257134
685,0000,02,0,2019-03-28 17:50:12.257139
686,232d,02,0,2019-03-28 17:50:12.257143
687,0007,23,88,2019-03-28 17:50:12.257168
688,0000,23,0,2019-03-28 17:50:12.257173
689,0000,23,0,2019-03-28 17:50:12.257178
690,0000,23,97,2019-03-28 17:50:12.257182
691,2d46,23,0,2019-03-28 17:50:12.257186
692,742e,23,70,2019-03-28 17:50:12.257190
693,0699,07,90,2019-03-28 17:50:12.363469
694,0503,07,3,2019-03-28 17:50:12.363488
695,1e50,07,12,2019-03-28 17:50:12.363494
696,0020,07,0,2019-03-28 17:50:12.363498
697,0000,07,0,2019-03-28 17:50:12.363503
698,2312,07,0,2019-03-28 17:50:12.363507
699,0698,04,93,2019-03-28 17:50:12.811194
700,0535,04,1,2019-03-28 17:50:12.811227
701,0000,04,0,2019-03-28 17:50:12.811238
702,0000,04,123,2019-03-28 17:50:12.811248
703,c746,04,0,2019-03-28 17:50:12.811273
704,50c8,04,70,2019-03-28 17:50:12.811285
705,0007,20,90,2019-03-28 17:50:12.903429
706,0000,20,0,2019-03-28 17:50:12.903449
707,1e50,20,12,2019-03-28 17:50:12.903456
708,0020,20,0,2019-03-28 17:50:12.903460
709,0000,20,0,2019-03-28 17:50:12.903465
710,2329,20,0,2019-03-28 17:50:12.903469
711,0698,05,91,2019-03-28 17:50:12.903484
712,f203,05,3,2019-03-28 17:50:12.903490
713,1e50,05,12,2019-03-28 17:50:12.903494
714,0020,05,0,2019-03-28 17:50:12.903498
715,0000,05,0,2019-03-28 17:50:12.903502
716,1329,05,0,2019-03-28 17:50:12.903507
717,0000,03,0,2019-03-28 17:50:16.714815
718,0103,03,3,2019-03-28 17:50:16.714847
719,1e50,03,12,2019-03-28 17:50:16.714858
720,0020,03,0,2019-03-28 17:50:16.714867
721,0000,03,0,2019-03-28 17:50:16.714875
722,d31a,03,0,2019-03-28 17:50:16.714884
723,0700,15,85,2019-03-28 17:50:16.714915
724,0700,15,86,2019-03-28 17:50:16.714926
725,1e50,15,12,2019-03-28 17:50:16.714935
726,0020,15,0,2019-03-28 17:50:16.714954
727,0000,15,0,2019-03-28 17:50:16.714966
728,f30f,15,0,2019-03-28 17:50:16.714975
729,0699,07,90,2019-03-28 17:50:16.715001
730,0503,07,3,2019-03-28 17:50:16.715012
731,1e50,07,12,2019-03-28 17:50:16.715021
732,0020,07,0,2019-03-28 17:50:16.715029
733,0000,07,0,2019-03-28 17:50:16.715038
734,2312,07,0,2019-03-28 17:50:16.715047
735,0699,06,86,2019-03-28 17:50:16.715070
736,0698,06,88,2019-03-28 17:50:16.715080
737,0698,06,83,2019-03-28 17:50:16.715089
738,0020,06,0,2019-03-28 17:50:16.715098
739,0000,06,0,2019-03-28 17:50:16.715116
740,2324,06,0,2019-03-28 17:50:16.715128
741,0698,18,87,2019-03-28 17:50:16.715162
742,0203,18,3,2019-03-28 17:50:16.715174
743,1e50,18,12,2019-03-28 17:50:16.715183
744,0020,18,0,2019-03-28 17:50:16.715192
745,0000,18,0,2019-03-28 17:50:16.715204
746,0324,18,0,2019-03-28 17:50:16.715213
747,0700,18,91,2019-03-28 17:50:16.715238
748,0698,18,87,2019-03-28 17:50:16.715248
749,0700,18,90,2019-03-28 17:50:16.715257
750,0020,18,0,2019-03-28 17:50:16.715266
751,0000,18,0,2019-03-28 17:50:16.715275
752,e312,18,0,2019-03-28 17:50:16.715283
753,0698,16,85,2019-03-28 17:50:16.715318
754,0700,16,78,2019-03-28 17:50:16.715330
755,0698,16,89,2019-03-28 17:50:16.715339
756,0020,16,0,2019-03-28 17:50:16.715347
757,0000,16,0,2019-03-28 17:50:16.715356
758,e32d,16,0,2019-03-28 17:50:16.715364
759,0000,09,0,2019-03-28 17:50:16.715386
760,0303,09,3,2019-03-28 17:50:16.715396
761,1e50,09,12,2019-03-28 17:50:16.715412
762,0020,09,0,2019-03-28 17:50:16.715429
763,0000,09,0,2019-03-28 17:50:16.715471
764,0312,09,0,2019-03-28 17:50:16.715487
765,0007,20,90,2019-03-28 17:50:16.758125
766,0000,20,0,2019-03-28 17:50:16.758152
767,1e50,20,12,2019-03-28 17:50:16.758164
768,0020,20,0,2019-03-28 17:50:16.758174
769,0000,20,0,2019-03-28 17:50:16.758184
770,2329,20,0,2019-03-28 17:50:16.758194
771,0000,19,0,2019-03-28 17:50:16.758466
772,f803,19,3,2019-03-28 17:50:16.758479
773,1e50,19,12,2019-03-28 17:50:16.758484
774,0020,19,0,2019-03-28 17:50:16.758488
775,0000,19,0,2019-03-28 17:50:16.758492
776,2311,19,0,2019-03-28 17:50:16.758496
777,0007,23,88,2019-03-28 17:50:16.758598
778,0503,23,3,2019-03-28 17:50:16.758605
779,1e50,23,12,2019-03-28 17:50:16.758610
780,0020,23,0,2019-03-28 17:50:16.758614
781,0000,23,0,2019-03-28 17:50:16.758618
782,e307,23,0,2019-03-28 17:50:16.758622
783,0699,15,88,2019-03-28 17:50:16.822354
784,0700,15,87,2019-03-28 17:50:16.822372
785,0698,15,91,2019-03-28 17:50:16.822377
786,0020,15,0,2019-03-28 17:50:16.822382
787,0000,15,0,2019-03-28 17:50:16.822386
788,2308,15,0,2019-03-28 17:50:16.822391
789,0699,07,90,2019-03-28 17:50:16.822406
790,f103,07,3,2019-03-28 17:50:16.822411
791,1e50,07,12,2019-03-28 17:50:16.822415
792,0020,07,0,2019-03-28 17:50:16.822419
793,0000,07,0,2019-03-28 17:50:16.822423
794,130a,07,0,2019-03-28 17:50:16.822427
795,0700,16,78,2019-03-28 17:50:16.822555
796,0700,16,78,2019-03-28 17:50:16.822563
797,1e50,16,12,2019-03-28 17:50:16.822568
798,0020,16,0,2019-03-28 17:50:16.822572
799,0000,16,0,2019-03-28 17:50:16.822576
800,3317,16,0,2019-03-28 17:50:16.822580
801,0007,20,87,2019-03-28 17:50:16.905740
802,0000,20,0,2019-03-28 17:50:16.905758
803,1e50,20,12,2019-03-28 17:50:16.905764
804,0020,20,0,2019-03-28 17:50:16.905769
805,0000,20,0,2019-03-28 17:50:16.905773
806,330a,20,0,2019-03-28 17:50:16.905777
807,0700,05,88,2019-03-28 17:50:16.905792
808,0700,05,87,2019-03-28 17:50:16.905797
809,1e50,05,12,2019-03-28 17:50:16.905802
810,0020,05,0,2019-03-28 17:50:16.905806
811,0000,05,0,2019-03-28 17:50:16.905810
812,2311,05,0,2019-03-28 17:50:16.905814
813,0000,21,0,2019-03-28 17:50:16.905832
814,fd03,21,3,2019-03-28 17:50:16.905838
815,1e50,21,12,2019-03-28 17:50:16.905842
816,0020,21,0,2019-03-28 17:50:16.905846
817,0000,21,0,2019-03-28 17:50:16.905851
818,030f,21,0,2019-03-28 17:50:16.905855
819,0000,02,0,2019-03-28 17:50:16.905867
820,f903,02,3,2019-03-28 17:50:16.905871
821,1e50,02,12,2019-03-28 17:50:16.905875
822,0020,02,0,2019-03-28 17:50:16.905880
823,0000,02,0,2019-03-28 17:50:16.905884
824,f321,02,0,2019-03-28 17:50:16.905888
825,0700,18,91,2019-03-28 17:50:16.905998
826,fa03,18,3,2019-03-28 17:50:16.906006
827,1e50,18,12,2019-03-28 17:50:16.906010
828,0020,18,0,2019-03-28 17:50:16.906014
829,0000,18,0,2019-03-28 17:50:16.906018
830,3327,18,0,2019-03-28 17:50:16.906022
831,0000,09,0,2019-03-28 17:50:16.906110
832,f803,09,3,2019-03-28 17:50:16.906117
833,1e50,09,12,2019-03-28 17:50:16.906122
834,0020,09,0,2019-03-28 17:50:16.906131
835,0000,09,0,2019-03-28 17:50:16.906137
836,e318,09,0,2019-03-28 17:50:16.906141
837,0007,24,92,2019-03-28 17:50:16.906231
838,fd03,24,3,2019-03-28 17:50:16.906239
839,1e50,24,12,2019-03-28 17:50:16.906243
840,0020,24,0,2019-03-28 17:50:16.906248
841,0000,24,0,2019-03-28 17:50:16.906252
842,0321,24,0,2019-03-28 17:50:16.906256
843,0000,03,0,2019-03-28 17:50:16.906338
844,fc03,03,3,2019-03-28 17:50:16.906345
845,1e50,03,12,2019-03-28 17:50:16.906349
846,0020,03,0,2019-03-28 17:50:16.906354
847,0000,03,0,2019-03-28 17:50:16.906358
848,232b,03,0,2019-03-28 17:50:16.906362
849,0000,14,0,2019-03-28 17:50:16.906454
850,fe03,14,3,2019-03-28 17:50:16.906461
851,1e50,14,12,2019-03-28 17:50:16.906466
852,0020,14,0,2019-03-28 17:50:16.906470
853,0000,14,0,2019-03-28 17:50:16.906479
854,e31b,14,0,2019-03-28 17:50:16.906484
855,0698,06,83,2019-03-28 17:50:16.906498
856,0700,06,92,2019-03-28 17:50:16.906503
857,1e50,06,12,2019-03-28 17:50:16.906507
858,0020,06,0,2019-03-28 17:50:16.906511
859,0000,06,0,2019-03-28 17:50:16.906515
860,130b,06,0,2019-03-28 17:50:16.906519
861,0698,04,93,2019-03-28 17:50:16.906601
862,f603,04,3,2019-03-28 17:50:16.906608
863,1e50,04,12,2019-03-28 17:50:16.906613
864,0020,04,0,2019-03-28 17:50:16.906617
865,0000,04,0,2019-03-28 17:50:16.906621
866,f32b,04,0,2019-03-28 17:50:16.906625
867,0000,19,0,2019-03-28 17:50:16.921961
868,0e03,19,3,2019-03-28 17:50:16.921981
869,1e50,19,12,2019-03-28 17:50:16.921987
870,0020,19,0,2019-03-28 17:50:16.921992
871,0000,19,0,2019-03-28 17:50:16.921997
872,130f,19,0,2019-03-28 17:50:16.922002
873,0000,13,0,2019-03-28 17:50:16.922020
874,f603,13,3,2019-03-28 17:50:16.922025
875,1e50,13,12,2019-03-28 17:50:16.922031
876,0020,13,0,2019-03-28 17:50:16.922036
877,0000,13,0,2019-03-28 17:50:16.922040
878,f307,13,0,2019-03-28 17:50:16.922044
879,0699,15,88,2019-03-28 17:50:17.724975
880,0903,15,3,2019-03-28 17:50:17.725003
881,1e50,15,12,2019-03-28 17:50:17.725015
882,0020,15,0,2019-03-28 17:50:17.725054
883,0000,15,0,2019-03-28 17:50:17.725069
884,f318,15,0,2019-03-28 17:50:17.725075
885,0700,17,87,2019-03-28 17:50:17.834091
886,0699,17,91,2019-03-28 17:50:17.834120
887,1e50,17,12,2019-03-28 17:50:17.834130
888,0020,17,0,2019-03-28 17:50:17.834140
889,0000,17,0,2019-03-28 17:50:17.834148
890,e30e,17,0,2019-03-28 17:50:17.834163
891,0700,16,81,2019-03-28 17:50:17.834363
892,0698,16,85,2019-03-28 17:50:17.834378
893,0698,16,89,2019-03-28 17:50:17.834388
894,0000,16,29,2019-03-28 17:50:17.834397
895,0649,16,0,2019-03-28 17:50:17.834405
896,b807,16,73,2019-03-28 17:50:17.834413
897,0698,04,93,2019-03-28 17:50:17.834578
898,f203,04,3,2019-03-28 17:50:17.834592
899,1e50,04,12,2019-03-28 17:50:17.834601
900,0020,04,0,2019-03-28 17:50:17.834610
901,0000,04,0,2019-03-28 17:50:17.834618
902,1317,04,0,2019-03-28 17:50:17.834626
903,0007,20,85,2019-03-28 17:50:17.834810
904,0000,20,0,2019-03-28 17:50:17.834824
905,1e50,20,12,2019-03-28 17:50:17.834833
906,0020,20,0,2019-03-28 17:50:17.834841
907,0000,20,0,2019-03-28 17:50:17.834850
908,3322,20,0,2019-03-28 17:50:17.834859
909,0700,05,89,2019-03-28 17:50:17.834894
910,0700,05,87,2019-03-28 17:50:17.834906
911,1e50,05,12,2019-03-28 17:50:17.834915
912,0020,05,0,2019-03-28 17:50:17.834923
913,0000,05,0,2019-03-28 17:50:17.834932
914,2323,05,0,2019-03-28 17:50:17.834940
915,0000,02,0,2019-03-28 17:50:17.834961
916,f303,02,3,2019-03-28 17:50:17.834972
917,1e50,02,12,2019-03-28 17:50:17.834980
918,0020,02,0,2019-03-28 17:50:17.834989
919,0000,02,0,2019-03-28 17:50:17.834997
920,2320,02,0,2019-03-28 17:50:17.835005
921,0007,23,88,2019-03-28 17:50:17.835028
922,0000,23,0,2019-03-28 17:50:17.835038
923,1e50,23,12,2019-03-28 17:50:17.835046
924,0020,23,0,2019-03-28 17:50:17.835055
925,0000,23,0,2019-03-28 17:50:17.835063
926,331f,23,0,2019-03-28 17:50:17.835071
927,0000,03,0,2019-03-28 17:50:17.835094
928,0d03,03,3,2019-03-28 17:50:17.835105
929,1e50,03,12,2019-03-28 17:50:17.835113
930,0020,03,0,2019-03-28 17:50:17.835121
931,0000,03,0,2019-03-28 17:50:17.835130
932,3326,03,0,2019-03-28 17:50:17.835139
933,0699,07,90,2019-03-28 17:50:17.835341
934,0103,07,3,2019-03-28 17:50:17.835355
935,1e50,07,12,2019-03-28 17:50:17.835365
936,0020,07,0,2019-03-28 17:50:17.835375
937,0000,07,0,2019-03-28 17:50:17.835384
938,0329,07,0,2019-03-28 17:50:17.835394
939,0700,18,91,2019-03-28 17:50:17.835419
940,0f03,18,3,2019-03-28 17:50:17.835429
941,1e50,18,12,2019-03-28 17:50:17.835437
942,0020,18,0,2019-03-28 17:50:17.835445
943,0000,18,0,2019-03-28 17:50:17.835473
944,330f,18,0,2019-03-28 17:50:17.835484
945,0700,08,92,2019-03-28 17:50:17.942421
946,0698,08,89,2019-03-28 17:50:17.942460
947,1e50,08,12,2019-03-28 17:50:17.942468
948,0020,08,0,2019-03-28 17:50:17.942472
949,0000,08,0,2019-03-28 17:50:17.942477
950,0325,08,0,2019-03-28 17:50:17.942481
951,0007,24,92,2019-03-28 17:50:18.068324
952,0535,24,1,2019-03-28 17:50:18.068354
953,0000,24,0,2019-03-28 17:50:18.068375
954,0000,24,80,2019-03-28 17:50:18.068417
955,0749,24,0,2019-03-28 17:50:18.068428
956,2508,24,73,2019-03-28 17:50:18.068434
957,0000,14,0,2019-03-28 17:50:18.347718
958,0603,14,3,2019-03-28 17:50:18.347748
959,1e50,14,12,2019-03-28 17:50:18.347760
960,0020,14,0,2019-03-28 17:50:18.347769
961,0000,14,0,2019-03-28 17:50:18.347778
962,231f,14,0,2019-03-28 17:50:18.347787
963,0000,13,0,2019-03-28 17:50:18.749801
964,0535,13,1,2019-03-28 17:50:18.749828
965,0000,13,0,2019-03-28 17:50:18.749840
966,0000,13,91,2019-03-28 17:50:18.749852
967,2d49,13,0,2019-03-28 17:50:18.749862
968,7a2e,13,73,2019-03-28 17:50:18.749872
969,0699,15,88,2019-03-28 17:50:19.158583
970,fb03,15,3,2019-03-28 17:50:19.158601
971,1e50,15,12,2019-03-28 17:50:19.158606
972,0020,15,0,2019-03-28 17:50:19.158612
973,0000,15,0,2019-03-28 17:50:19.158621
974,f30a,15,0,2019-03-28 17:50:19.158627
975,0699,07,90,2019-03-28 17:50:19.264853
976,0e03,07,3,2019-03-28 17:50:19.264878
977,1e50,07,12,2019-03-28 17:50:19.264888
978,0020,07,0,2019-03-28 17:50:19.264897
979,0000,07,0,2019-03-28 17:50:19.264917
980,232a,07,0,2019-03-28 17:50:19.264928
981,0700,16,74,2019-03-28 17:50:19.362478
982,0698,16,85,2019-03-28 17:50:19.362500
983,0698,16,89,2019-03-28 17:50:19.362507
984,0020,16,0,2019-03-28 17:50:19.362514
985,0000,16,0,2019-03-28 17:50:19.362520
986,f30c,16,0,2019-03-28 17:50:19.362525
987,0698,04,93,2019-03-28 17:50:19.862092
988,fb03,04,3,2019-03-28 17:50:19.862123
989,1e50,04,12,2019-03-28 17:50:19.862134
990,0020,04,0,2019-03-28 17:50:19.862143
991,0000,04,0,2019-03-28 17:50:19.862155
992,d317,04,0,2019-03-28 17:50:19.862164
993,0007,20,87,2019-03-28 17:50:19.942016
994,0000,20,0,2019-03-28 17:50:19.942089
995,1e50,20,12,2019-03-28 17:50:19.942105
996,0020,20,0,2019-03-28 17:50:19.942115
997,0000,20,0,2019-03-28 17:50:19.942246
998,e32d,20,0,2019-03-28 17:50:19.942258
999,0700,05,90,2019-03-28 17:50:19.942306
1000,0700,05,87,2019-03-28 17:50:19.942317
1001,1e50,05,12,2019-03-28 17:50:19.942327
1002,0020,05,0,2019-03-28 17:50:19.942350
1003,0000,05,0,2019-03-28 17:50:19.942368
1004,f30b,05,0,2019-03-28 17:50:19.942379
1005,0000,19,0,2019-03-28 17:50:19.942418
1006,0f03,19,3,2019-03-28 17:50:19.942431
1007,1e50,19,12,2019-03-28 17:50:19.942440
1008,0020,19,0,2019-03-28 17:50:19.942450
1009,0000,19,0,2019-03-28 17:50:19.942459
1010,330f,19,0,2019-03-28 17:50:19.942467
1011,0000,02,0,2019-03-28 17:50:19.942508
1012,0f03,02,3,2019-03-28 17:50:19.942525
1013,1e50,02,12,2019-03-28 17:50:19.942535
1014,0020,02,0,2019-03-28 17:50:19.942544
1015,0000,02,0,2019-03-28 17:50:19.942553
1016,330f,02,0,2019-03-28 17:50:19.942562
1017,0000,03,0,2019-03-28 17:50:19.942593
1018,0e03,03,3,2019-03-28 17:50:19.942604
1019,1e50,03,12,2019-03-28 17:50:19.942613
1020,0020,03,0,2019-03-28 17:50:19.942622
1021,0000,03,0,2019-03-28 17:50:19.942631
1022,f31b,03,0,2019-03-28 17:50:19.942640
1023,0700,17,89,2019-03-28 17:50:19.942978
1024,0699,17,91,2019-03-28 17:50:19.943056
1025,0000,17,0,2019-03-28 17:50:19.943115
1026,0000,17,93,2019-03-28 17:50:19.943160
1027,b349,17,0,2019-03-28 17:50:19.943174
1028,32b4,17,73,2019-03-28 17:50:19.943188
1029,0700,18,91,2019-03-28 17:50:19.943265
1030,0699,18,92,2019-03-28 17:50:19.943280
1031,0700,18,90,2019-03-28 17:50:19.943290
1032,0020,18,0,2019-03-28 17:50:19.943300
1033,0000,18,0,2019-03-28 17:50:19.943309
1034,2322,18,0,2019-03-28 17:50:19.943318
1035,0000,13,0,2019-03-28 17:50:22.030401
1036,f503,13,3,2019-03-28 17:50:22.030499
1037,1e50,13,12,2019-03-28 17:50:22.030537
1038,0020,13,0,2019-03-28 17:50:22.030560
1039,0000,13,0,2019-03-28 17:50:22.030579
1040,0328,13,0,2019-03-28 17:50:22.030598
1041,0700,15,87,2019-03-28 17:50:22.122959
1042,0700,15,87,2019-03-28 17:50:22.122979
1043,1e50,15,12,2019-03-28 17:50:22.122985
1044,0020,15,0,2019-03-28 17:50:22.122989
1045,0000,15,0,2019-03-28 17:50:22.122994
1046,031e,15,0,2019-03-28 17:50:22.122998
1047,0000,14,0,2019-03-28 17:50:22.123137
1048,f403,14,3,2019-03-28 17:50:22.123145
1049,1e50,14,12,2019-03-28 17:50:22.123150
1050,0020,14,0,2019-03-28 17:50:22.123155
1051,0000,14,0,2019-03-28 17:50:22.123159
1052,e327,14,0,2019-03-28 17:50:22.123163
1053,0698,04,93,2019-03-28 17:50:22.123289
1054,fc03,04,3,2019-03-28 17:50:22.123297
1055,1e50,04,12,2019-03-28 17:50:22.123301
1056,0020,04,0,2019-03-28 17:50:22.123306
1057,0000,04,0,2019-03-28 17:50:22.123310
1058,130b,04,0,2019-03-28 17:50:22.123320
1059,0700,05,90,2019-03-28 17:50:22.123423
1060,0d03,05,3,2019-03-28 17:50:22.123431
1061,1e50,05,12,2019-03-28 17:50:22.123435
1062,0020,05,0,2019-03-28 17:50:22.123439
1063,0000,05,0,2019-03-28 17:50:22.123443
1064,130f,05,0,2019-03-28 17:50:22.123450
1065,0000,02,0,2019-03-28 17:50:22.123471
1066,0303,02,3,2019-03-28 17:50:22.123479
1067,1e50,02,12,2019-03-28 17:50:22.123484
1068,0020,02,0,2019-03-28 17:50:22.123488
1069,0000,02,0,2019-03-28 17:50:22.123492
1070,132d,02,0,2019-03-28 17:50:22.123499
1071,0000,03,0,2019-03-28 17:50:22.641170
1072,0803,03,3,2019-03-28 17:50:22.641202
1073,1e50,03,12,2019-03-28 17:50:22.641213
1074,0020,03,0,2019-03-28 17:50:22.641222
1075,0000,03,0,2019-03-28 17:50:22.641230
1076,2308,03,0,2019-03-28 17:50:22.641239
1077,0698,06,83,2019-03-28 17:50:22.744320
1078,0699,06,89,2019-03-28 17:50:22.744353
1079,0699,06,89,2019-03-28 17:50:22.744364
1080,0020,06,0,2019-03-28 17:50:22.744374
1081,0000,06,0,2019-03-28 17:50:22.744383
1082,e326,06,0,2019-03-28 17:50:22.744392
1083,0700,18,90,2019-03-28 17:50:22.744422
1084,0699,18,92,2019-03-28 17:50:22.744433
1085,1e50,18,12,2019-03-28 17:50:22.744441
1086,0020,18,0,2019-03-28 17:50:22.744450
1087,0000,18,0,2019-03-28 17:50:22.744459
1088,1315,18,0,2019-03-28 17:50:22.744467
1089,0700,16,78,2019-03-28 17:50:22.744681
1090,0698,16,85,2019-03-28 17:50:22.744697
1091,1e50,16,12,2019-03-28 17:50:22.744706
1092,0020,16,0,2019-03-28 17:50:22.744714
1093,0000,16,0,2019-03-28 17:50:22.744723
1094,e308,16,0,2019-03-28 17:50:22.744731
1095,0000,09,0,2019-03-28 17:50:22.744927
1096,0c03,09,3,2019-03-28 17:50:22.744941
1097,1e50,09,12,2019-03-28 17:50:22.744950
1098,0020,09,0,2019-03-28 17:50:22.744959
1099,0000,09,0,2019-03-28 17:50:22.744967
1100,3307,09,0,2019-03-28 17:50:22.744976
1101,0700,08,92,2019-03-28 17:50:22.745014
1102,0698,08,89,2019-03-28 17:50:22.745028
1103,1e50,08,12,2019-03-28 17:50:22.745047
1104,0020,08,0,2019-03-28 17:50:22.745058
1105,0000,08,0,2019-03-28 17:50:22.745075
1106,f324,08,0,2019-03-28 17:50:22.745095
1107,0007,20,89,2019-03-28 17:50:22.745123
1108,0000,20,0,2019-03-28 17:50:22.745133
1109,1e50,20,12,2019-03-28 17:50:22.745142
1110,0020,20,0,2019-03-28 17:50:22.745151
1111,0000,20,0,2019-03-28 17:50:22.745159
1112,332b,20,0,2019-03-28 17:50:22.745168
1113,0007,23,88,2019-03-28 17:50:22.745405
1114,0000,23,0,2019-03-28 17:50:22.745422
1115,1e50,23,12,2019-03-28 17:50:22.745431
1116,0020,23,0,2019-03-28 17:50:22.745440
1117,0000,23,0,2019-03-28 17:50:22.745449
1118,f30e,23,0,2019-03-28 17:50:22.745457
1119,0700,17,89,2019-03-28 17:50:22.907585
1120,0699,17,89,2019-03-28 17:50:22.907610
1121,0698,17,90,2019-03-28 17:50:22.907625
1122,0020,17,0,2019-03-28 17:50:22.907636
1123,0000,17,0,2019-03-28 17:50:22.907647
1124,d31b,17,0,2019-03-28 17:50:22.907657
1125,0007,24,92,2019-03-28 17:50:23.245676
1126,f603,24,3,2019-03-28 17:50:23.245711
1127,1e50,24,12,2019-03-28 17:50:23.245721
1128,0020,24,0,2019-03-28 17:50:23.245731
1129,0000,24,0,2019-03-28 17:50:23.245739
1130,2328,24,0,2019-03-28 17:50:23.245748
1131,0699,15,87,2019-03-28 17:50:23.629411
1132,0700,15,86,2019-03-28 17:50:23.629443
1133,0698,15,91,2019-03-28 17:50:23.629455
1134,0020,15,0,2019-03-28 17:50:23.629465
1135,0000,15,0,2019-03-28 17:50:23.629474
1136,f30c,15,0,2019-03-28 17:50:23.629483
1137,0000,14,0,2019-03-28 17:50:24.076365
1138,0803,14,3,2019-03-28 17:50:24.076398
1139,1e50,14,12,2019-03-28 17:50:24.076410
1140,0020,14,0,2019-03-28 17:50:24.076419
1141,0000,14,0,2019-03-28 17:50:24.076428
1142,e30f,14,0,2019-03-28 17:50:24.076437
1143,0698,06,83,2019-03-28 17:50:24.076467
1144,0699,06,91,2019-03-28 17:50:24.076478
1145,0699,06,89,2019-03-28 17:50:24.076490
1146,0020,06,0,2019-03-28 17:50:24.076520
1147,0000,06,0,2019-03-28 17:50:24.076541
1148,d30d,06,0,2019-03-28 17:50:24.076557
1149,0700,16,79,2019-03-28 17:50:24.163836
1150,0698,16,84,2019-03-28 17:50:24.163858
1151,0698,16,89,2019-03-28 17:50:24.163865
1152,0020,16,0,2019-03-28 17:50:24.163872
1153,0000,16,0,2019-03-28 17:50:24.163890
1154,0326,16,0,2019-03-28 17:50:24.163898
1155,0698,04,93,2019-03-28 17:50:24.164042
1156,0503,04,3,2019-03-28 17:50:24.164052
1157,1e50,04,12,2019-03-28 17:50:24.164058
1158,0020,04,0,2019-03-28 17:50:24.164064
1159,0000,04,0,2019-03-28 17:50:24.164069
1160,331b,04,0,2019-03-28 17:50:24.164075
1161,0700,05,86,2019-03-28 17:50:24.465670
1162,0700,05,87,2019-03-28 17:50:24.465705
1163,1e50,05,12,2019-03-28 17:50:24.465716
1164,0020,05,0,2019-03-28 17:50:24.465726
1165,0000,05,0,2019-03-28 17:50:24.465734
1166,031a,05,0,2019-03-28 17:50:24.465743
1167,0000,02,0,2019-03-28 17:50:24.465774
1168,0f03,02,3,2019-03-28 17:50:24.465784
1169,1e50,02,12,2019-03-28 17:50:24.465793
1170,0020,02,0,2019-03-28 17:50:24.465811
1171,0000,02,0,2019-03-28 17:50:24.465822
1172,d311,02,0,2019-03-28 17:50:24.465831
1173,0000,03,0,2019-03-28 17:50:24.564424
1174,f103,03,3,2019-03-28 17:50:24.564456
1175,1e50,03,12,2019-03-28 17:50:24.564467
1176,0020,03,0,2019-03-28 17:50:24.564476
1177,0000,03,0,2019-03-28 17:50:24.564485
1178,3321,03,0,2019-03-28 17:50:24.564493
1179,0700,18,90,2019-03-28 17:50:24.691028
1180,fe03,18,3,2019-03-28 17:50:24.691061
1181,1e50,18,12,2019-03-28 17:50:24.691071
1182,0020,18,0,2019-03-28 17:50:24.691081
1183,0000,18,0,2019-03-28 17:50:24.691089
1184,132a,18,0,2019-03-28 17:50:24.691098
1185,0700,08,88,2019-03-28 17:50:24.923809
1186,0698,08,89,2019-03-28 17:50:24.923842
1187,1e50,08,12,2019-03-28 17:50:24.923853
1188,0020,08,0,2019-03-28 17:50:24.923863
1189,0000,08,0,2019-03-28 17:50:24.923872
1190,031f,08,0,2019-03-28 17:50:24.923881
1191,0007,20,85,2019-03-28 17:50:24.923923
1192,0000,20,0,2019-03-28 17:50:24.923935
1193,0000,20,0,2019-03-28 17:50:24.923944
1194,0000,20,66,2019-03-28 17:50:24.923953
1195,ed4c,20,0,2019-03-28 17:50:24.923962
1196,93ee,20,76,2019-03-28 17:50:24.923970
1197,0000,13,0,2019-03-28 17:50:25.023711
1198,f703,13,3,2019-03-28 17:50:25.023729
1199,1e50,13,12,2019-03-28 17:50:25.023735
1200,0020,13,0,2019-03-28 17:50:25.023740
1201,0000,13,0,2019-03-28 17:50:25.023744
1202,1308,13,0,2019-03-28 17:50:25.023748
1203,0699,07,90,2019-03-28 17:50:25.303781
1204,f303,07,3,2019-03-28 17:50:25.303828
1205,1e50,07,12,2019-03-28 17:50:25.303848
1206,0020,07,0,2019-03-28 17:50:25.303865
1207,0000,07,0,2019-03-28 17:50:25.303881
1208,2320,07,0,2019-03-28 17:50:25.303899
1209,0700,17,89,2019-03-28 17:50:25.303956
1210,0699,17,89,2019-03-28 17:50:25.304078
1211,0698,17,90,2019-03-28 17:50:25.304104
1212,0020,17,0,2019-03-28 17:50:25.304115
1213,0000,17,0,2019-03-28 17:50:25.304125
1214,3312,17,0,2019-03-28 17:50:25.304134
1215,0007,23,88,2019-03-28 17:50:25.687863
1216,f103,23,3,2019-03-28 17:50:25.687933
1217,1e50,23,12,2019-03-28 17:50:25.687949
1218,0020,23,0,2019-03-28 17:50:25.687959
1219,0000,23,0,2019-03-28 17:50:25.687968
1220,131c,23,0,2019-03-28 17:50:25.687977
1221,0700,15,87,2019-03-28 17:50:25.827230
1222,0700,15,86,2019-03-28 17:50:25.827269
1223,1e50,15,12,2019-03-28 17:50:25.827295
1224,0020,15,0,2019-03-28 17:50:25.827312
1225,0000,15,0,2019-03-28 17:50:25.827325
1226,3325,15,0,2019-03-28 17:50:25.827338
1227,0699,07,90,2019-03-28 17:50:26.737387
1228,0503,07,3,2019-03-28 17:50:26.737420
1229,1e50,07,12,2019-03-28 17:50:26.737430
1230,0020,07,0,2019-03-28 17:50:26.737440
1231,0000,07,0,2019-03-28 17:50:26.737448
1232,1316,07,0,2019-03-28 17:50:26.737457
1233,0700,16,81,2019-03-28 17:50:26.843713
1234,0698,16,84,2019-03-28 17:50:26.843746
1235,1e50,16,12,2019-03-28 17:50:26.843757
1236,0020,16,0,2019-03-28 17:50:26.843766
1237,0000,16,0,2019-03-28 17:50:26.843775
1238,1311,16,0,2019-03-28 17:50:26.843784
1239,0000,09,0,2019-03-28 17:50:26.924202
1240,f403,09,3,2019-03-28 17:50:26.924308
1241,1e50,09,12,2019-03-28 17:50:26.924343
1242,0020,09,0,2019-03-28 17:50:26.924364
1243,0000,09,0,2019-03-28 17:50:26.924383
1244,f31e,09,0,2019-03-28 17:50:26.924400
1245,0698,04,93,2019-03-28 17:50:26.924497
1246,f903,04,3,2019-03-28 17:50:26.924521
1247,1e50,04,12,2019-03-28 17:50:26.924540
1248,0020,04,0,2019-03-28 17:50:26.924556
1249,0000,04,0,2019-03-28 17:50:26.924574
1250,1315,04,0,2019-03-28 17:50:26.924593
1251,0700,05,86,2019-03-28 17:50:26.924649
1252,0700,05,87,2019-03-28 17:50:26.924672
1253,1e50,05,12,2019-03-28 17:50:26.924708
1254,0020,05,0,2019-03-28 17:50:26.924730
1255,0000,05,0,2019-03-28 17:50:26.924748
1256,031a,05,0,2019-03-28 17:50:26.924767
1257,0700,05,94,2019-03-28 17:50:26.924819
1258,0698,05,93,2019-03-28 17:50:26.924962
1259,0700,05,89,2019-03-28 17:50:26.924985
1260,0020,05,0,2019-03-28 17:50:26.925004
1261,0000,05,0,2019-03-28 17:50:26.925019
1262,d31b,05,0,2019-03-28 17:50:26.925027
1263,0000,02,0,2019-03-28 17:50:26.925058
1264,0f03,02,3,2019-03-28 17:50:26.925069
1265,1e50,02,12,2019-03-28 17:50:26.925078
1266,0020,02,0,2019-03-28 17:50:26.925086
1267,0000,02,0,2019-03-28 17:50:26.925095
1268,d311,02,0,2019-03-28 17:50:26.925106
1269,0000,02,0,2019-03-28 17:50:26.925131
1270,0d03,02,3,2019-03-28 17:50:26.925141
1271,1e50,02,12,2019-03-28 17:50:26.925150
1272,0020,02,0,2019-03-28 17:50:26.925159
1273,0000,02,0,2019-03-28 17:50:26.925168
1274,f32d,02,0,2019-03-28 17:50:26.925176
1275,0000,03,0,2019-03-28 17:50:26.925199
1276,f103,03,3,2019-03-28 17:50:26.925209
1277,1e50,03,12,2019-03-28 17:50:26.925218
1278,0020,03,0,2019-03-28 17:50:26.925227
1279,0000,03,0,2019-03-28 17:50:26.925235
1280,3321,03,0,2019-03-28 17:50:26.925244
1281,0000,03,0,2019-03-28 17:50:26.925266
1282,0703,03,3,2019-03-28 17:50:26.925276
1283,1e50,03,12,2019-03-28 17:50:26.925284
1284,0020,03,0,2019-03-28 17:50:26.925293
1285,0000,03,0,2019-03-28 17:50:26.925302
1286,f31d,03,0,2019-03-28 17:50:26.925310
1287,0000,14,0,2019-03-28 17:50:26.925685
1288,0535,14,1,2019-03-28 17:50:26.925715
1289,0000,14,0,2019-03-28 17:50:26.925734
1290,0000,14,20,2019-03-28 17:50:26.925754
1291,874d,14,0,2019-03-28 17:50:26.925772
1292,c188,14,77,2019-03-28 17:50:26.925791
1293,0000,09,0,2019-03-28 17:50:27.239070
1294,f203,09,3,2019-03-28 17:50:27.239102
1295,1e50,09,12,2019-03-28 17:50:27.239113
1296,0020,09,0,2019-03-28 17:50:27.239123
1297,0000,09,0,2019-03-28 17:50:27.239132
1298,f323,09,0,2019-03-28 17:50:27.239140
1299,0007,20,85,2019-03-28 17:50:27.324126
1300,0000,20,0,2019-03-28 17:50:27.324145
1301,0000,20,0,2019-03-28 17:50:27.324150
1302,0000,20,66,2019-03-28 17:50:27.324155
1303,ed4c,20,0,2019-03-28 17:50:27.324169
1304,93ee,20,76,2019-03-28 17:50:27.324175
1305,0007,23,88,2019-03-28 17:50:27.324364
1306,0535,23,1,2019-03-28 17:50:27.324386
1307,0000,23,0,2019-03-28 17:50:27.324397
1308,0000,23,26,2019-03-28 17:50:27.324407
1309,614d,23,0,2019-03-28 17:50:27.324416
1310,ef61,23,77,2019-03-28 17:50:27.324426
1311,0700,15,87,2019-03-28 17:50:27.466736
1312,0700,15,86,2019-03-28 17:50:27.466762
1313,1e50,15,12,2019-03-28 17:50:27.466785
1314,0020,15,0,2019-03-28 17:50:27.466796
1315,0000,15,0,2019-03-28 17:50:27.466805
1316,3325,15,0,2019-03-28 17:50:27.466814
1317,0700,16,81,2019-03-28 17:50:28.140638
1318,0698,16,84,2019-03-28 17:50:28.140687
1319,1e50,16,12,2019-03-28 17:50:28.140700
1320,0020,16,0,2019-03-28 17:50:28.140709
1321,0000,16,0,2019-03-28 17:50:28.140718
1322,1311,16,0,2019-03-28 17:50:28.140726
1323,0700,08,88,2019-03-28 17:50:28.244673
1324,0103,08,3,2019-03-28 17:50:28.244779
1325,1e50,08,12,2019-03-28 17:50:28.244795
1326,0020,08,0,2019-03-28 17:50:28.244805
1327,0000,08,0,2019-03-28 17:50:28.244814
1328,231c,08,0,2019-03-28 17:50:28.244822
1329,0700,08,88,2019-03-28 17:50:28.244875
1330,fb03,08,3,2019-03-28 17:50:28.244887
1331,1e50,08,12,2019-03-28 17:50:28.244896
1332,0020,08,0,2019-03-28 17:50:28.244905
1333,0000,08,0,2019-03-28 17:50:28.244927
1334,1310,08,0,2019-03-28 17:50:28.244937
1335,0007,24,92,2019-03-28 17:50:28.244969
1336,0903,24,3,2019-03-28 17:50:28.244979
1337,1e50,24,12,2019-03-28 17:50:28.244988
1338,0020,24,0,2019-03-28 17:50:28.244997
1339,0000,24,0,2019-03-28 17:50:28.245005
1340,3311,24,0,2019-03-28 17:50:28.245014
1341,0000,13,0,2019-03-28 17:50:28.245038
1342,fc03,13,3,2019-03-28 17:50:28.245059
1343,1e50,13,12,2019-03-28 17:50:28.245069
1344,0020,13,0,2019-03-28 17:50:28.245078
1345,0000,13,0,2019-03-28 17:50:28.245086
1346,131d,13,0,2019-03-28 17:50:28.245095
1347,0000,14,0,2019-03-28 17:50:29.663748
1348,0c03,14,3,2019-03-28 17:50:29.663779
1349,1e50,14,12,2019-03-28 17:50:29.663790
1350,0020,14,0,2019-03-28 17:50:29.663799
1351,0000,14,0,2019-03-28 17:50:29.663808
1352,231d,14,0,2019-03-28 17:50:29.663817
1353,0699,07,90,2019-03-28 17:50:29.663847
1354,f403,07,3,2019-03-28 17:50:29.663857
1355,1e50,07,12,2019-03-28 17:50:29.663866
1356,0020,07,0,2019-03-28 17:50:29.663875
1357,0000,07,0,2019-03-28 17:50:29.663884
1358,0309,07,0,2019-03-28 17:50:29.663892
1359,0700,17,87,2019-03-28 17:50:29.663916
1360,0699,17,91,2019-03-28 17:50:29.663926
1361,0698,17,90,2019-03-28 17:50:29.663935
1362,0020,17,0,2019-03-28 17:50:29.663944
1363,0000,17,0,2019-03-28 17:50:29.663952
1364,132e,17,0,2019-03-28 17:50:29.663961
1365,0699,06,90,2019-03-28 17:50:29.664002
1366,0698,06,82,2019-03-28 17:50:29.664015
1367,0699,06,89,2019-03-28 17:50:29.664024
1368,0020,06,0,2019-03-28 17:50:29.664033
1369,0700,16,73,2019-03-28 17:50:29.664068
1370,0698,16,85,2019-03-28 17:50:29.664080
1371,0698,16,89,2019-03-28 17:50:29.664089
1372,0020,16,0,2019-03-28 17:50:29.664097
1373,0000,16,0,2019-03-28 17:50:29.664106
1374,230c,16,0,2019-03-28 17:50:29.664114
1375,0698,04,88,2019-03-28 17:50:29.763628
1376,0698,04,85,2019-03-28 17:50:29.763654
1377,1e50,04,12,2019-03-28 17:50:29.763666
1378,0020,04,0,2019-03-28 17:50:29.763677
1379,0000,04,0,2019-03-28 17:50:29.763687
1380,1328,04,0,2019-03-28 17:50:29.763696
1381,0700,05,89,2019-03-28 17:50:29.763719
1382,0698,05,93,2019-03-28 17:50:29.763729
1383,1e50,05,12,2019-03-28 17:50:29.763739
1384,0020,05,0,2019-03-28 17:50:29.763749
1385,0000,05,0,2019-03-28 17:50:29.763758
1386,e316,05,0,2019-03-28 17:50:29.763764
1387,0000,19,0,2019-03-28 17:50:29.763777
1388,0c03,19,3,2019-03-28 17:50:29.763793
1389,1e50,19,12,2019-03-28 17:50:29.763807
1390,0020,19,0,2019-03-28 17:50:29.763819
1391,0000,19,0,2019-03-28 17:50:29.763828
1392,030b,19,0,2019-03-28 17:50:29.763837
1393,0000,03,0,2019-03-28 17:50:29.764022
1394,f503,03,3,2019-03-28 17:50:29.764037
1395,1e50,03,12,2019-03-28 17:50:29.764044
1396,0020,03,0,2019-03-28 17:50:29.764048
1397,0000,03,0,2019-03-28 17:50:29.764052
1398,2309,03,0,2019-03-28 17:50:29.764056
1399,0699,15,89,2019-03-28 17:50:29.764070
1400,0700,15,86,2019-03-28 17:50:29.764076
1401,1e50,15,12,2019-03-28 17:50:29.764084
1402,0020,15,0,2019-03-28 17:50:29.764093
1403,0000,15,0,2019-03-28 17:50:29.764111
1404,2308,15,0,2019-03-28 17:50:29.764122
1405,0699,18,92,2019-03-28 17:50:29.764252
1406,0699,18,92,2019-03-28 17:50:29.764265
1407,1e50,18,12,2019-03-28 17:50:29.764275
1408,0020,18,0,2019-03-28 17:50:29.764285
1409,0000,18,0,2019-03-28 17:50:29.764293
1410,2316,18,0,2019-03-28 17:50:29.764298
1411,0000,02,0,2019-03-28 17:50:30.218678
1412,fd03,02,3,2019-03-28 17:50:30.218709
1413,1e50,02,12,2019-03-28 17:50:30.218735
1414,0020,02,0,2019-03-28 17:50:30.218748
1415,0000,02,0,2019-03-28 17:50:30.218757
1416,d312,02,0,2019-03-28 17:50:30.218766
1417,0007,23,88,2019-03-28 17:50:30.218800
1418,f103,23,3,2019-03-28 17:50:30.218810
1419,1e50,23,12,2019-03-28 17:50:30.218819
1420,0020,23,0,2019-03-28 17:50:30.218827
1421,0000,23,0,2019-03-28 17:50:30.218836
1422,0320,23,0,2019-03-28 17:50:30.218844
1423,0700,17,90,2019-03-28 17:50:30.321904
1424,0699,17,91,2019-03-28 17:50:30.321931
1425,1e50,17,12,2019-03-28 17:50:30.321943
1426,0020,17,0,2019-03-28 17:50:30.321953
1427,0000,17,0,2019-03-28 17:50:30.321962
1428,232d,17,0,2019-03-28 17:50:30.321970
1429,0698,08,89,2019-03-28 17:50:30.322266
1430,0698,08,89,2019-03-28 17:50:30.322288
1431,1e50,08,12,2019-03-28 17:50:30.322297
1432,0020,08,0,2019-03-28 17:50:30.322307
1433,0000,08,0,2019-03-28 17:50:30.322318
1434,1313,08,0,2019-03-28 17:50:30.322327
1435,0007,24,92,2019-03-28 17:50:30.322354
1436,f903,24,3,2019-03-28 17:50:30.322365
1437,1e50,24,12,2019-03-28 17:50:30.322382
1438,0020,24,0,2019-03-28 17:50:30.322393
1439,0000,24,0,2019-03-28 17:50:30.322402
1440,1315,24,0,2019-03-28 17:50:30.322411
1441,0000,13,0,2019-03-28 17:50:30.322586
1442,f203,13,3,2019-03-28 17:50:30.322600
1443,1e50,13,12,2019-03-28 17:50:30.322609
1444,0020,13,0,2019-03-28 17:50:30.322618
1445,0000,13,0,2019-03-28 17:50:30.322626
1446,1329,13,0,2019-03-28 17:50:30.322635
1447,0699,15,89,2019-03-28 17:50:30.649621
1448,0f03,15,3,2019-03-28 17:50:30.649653
1449,1e50,15,12,2019-03-28 17:50:30.649664
1450,0020,15,0,2019-03-28 17:50:30.649673
1451,0000,15,0,2019-03-28 17:50:30.649682
1452,0325,15,0,2019-03-28 17:50:30.649691
1453,0000,14,0,2019-03-28 17:50:30.763218
1454,fa03,14,3,2019-03-28 17:50:30.763236
1455,1e50,14,12,2019-03-28 17:50:30.763242
1456,0020,14,0,2019-03-28 17:50:30.763246
1457,0000,14,0,2019-03-28 17:50:30.763250
1458,e325,14,0,2019-03-28 17:50:30.763254
1459,0699,06,86,2019-03-28 17:50:30.763269
1460,0698,06,82,2019-03-28 17:50:30.763274
1461,1e50,06,12,2019-03-28 17:50:30.763284
1462,0020,06,0,2019-03-28 17:50:30.763290
1463,0000,06,0,2019-03-28 17:50:30.763294
1464,3326,06,0,2019-03-28 17:50:30.763298
1465,0698,16,86,2019-03-28 17:50:30.763412
1466,0700,16,73,2019-03-28 17:50:30.763419
1467,0698,16,89,2019-03-28 17:50:30.763424
1468,0020,16,0,2019-03-28 17:50:30.763428
1469,0000,16,0,2019-03-28 17:50:30.763432
1470,f30b,16,0,2019-03-28 17:50:30.763436
1471,0698,04,88,2019-03-28 17:50:30.842555
1472,f903,04,3,2019-03-28 17:50:30.842573
1473,1e50,04,12,2019-03-28 17:50:30.842578
1474,0020,04,0,2019-03-28 17:50:30.842582
1475,0000,04,0,2019-03-28 17:50:30.842587
1476,e32a,04,0,2019-03-28 17:50:30.842591
1477,0000,19,0,2019-03-28 17:50:31.242354
1478,0903,19,3,2019-03-28 17:50:31.242386
1479,1e50,19,12,2019-03-28 17:50:31.242397
1480,0020,19,0,2019-03-28 17:50:31.242406
1481,0000,19,0,2019-03-28 17:50:31.242415
1482,130c,19,0,2019-03-28 17:50:31.242424
1483,0000,03,0,2019-03-28 17:50:31.344273
1484,f503,03,3,2019-03-28 17:50:31.344295
1485,1e50,03,12,2019-03-28 17:50:31.344314
1486,0020,03,0,2019-03-28 17:50:31.344323
1487,0000,03,0,2019-03-28 17:50:31.344328
1488,0316,03,0,2019-03-28 17:50:31.344334
1489,0699,07,90,2019-03-28 17:50:31.344485
1490,f103,07,3,2019-03-28 17:50:31.344495
1491,1e50,07,12,2019-03-28 17:50:31.344501
1492,0020,07,0,2019-03-28 17:50:31.344506
1493,0000,07,0,2019-03-28 17:50:31.344512
1494,e31a,07,0,2019-03-28 17:50:31.344517
1495,0000,09,0,2019-03-28 17:50:31.857548
1496,f303,09,3,2019-03-28 17:50:31.857580
1497,1e50,09,12,2019-03-28 17:50:31.857591
1498,0020,09,0,2019-03-28 17:50:31.857600
1499,0000,09,0,2019-03-28 17:50:31.857608
1500,1324,09,0,2019-03-28 17:50:31.857633
1501,0007,20,87,2019-03-28 17:50:32.122191
1502,0000,20,0,2019-03-28 17:50:32.122226
1503,1e50,20,12,2019-03-28 17:50:32.122249
1504,0020,20,0,2019-03-28 17:50:32.122261
1505,0000,20,0,2019-03-28 17:50:32.122270
1506,0319,20,0,2019-03-28 17:50:32.122279
1507,0007,20,87,2019-03-28 17:50:32.122311
1508,0000,20,0,2019-03-28 17:50:32.122322
1509,1e50,20,12,2019-03-28 17:50:32.122340
1510,0020,20,0,2019-03-28 17:50:32.122352
1511,0000,20,0,2019-03-28 17:50:32.122361
1512,2319,20,0,2019-03-28 17:50:32.122369
1513,0698,05,91,2019-03-28 17:50:32.122397
1514,0698,05,93,2019-03-28 17:50:32.122408
1515,1e50,05,12,2019-03-28 17:50:32.122417
1516,0020,05,0,2019-03-28 17:50:32.122426
1517,0000,05,0,2019-03-28 17:50:32.122434
1518,2308,05,0,2019-03-28 17:50:32.122443
1519,0000,02,0,2019-03-28 17:50:32.122466
1520,f703,02,3,2019-03-28 17:50:32.122476
1521,1e50,02,12,2019-03-28 17:50:32.122485
1522,0020,02,0,2019-03-28 17:50:32.122493
1523,0000,02,0,2019-03-28 17:50:32.122502
1524,e30b,02,0,2019-03-28 17:50:32.122510
1525,0700,17,89,2019-03-28 17:50:32.203543
1526,0699,17,91,2019-03-28 17:50:32.203572
1527,1e50,17,12,2019-03-28 17:50:32.203582
1528,0020,17,0,2019-03-28 17:50:32.203591
1529,0000,17,0,2019-03-28 17:50:32.203600
1530,2326,17,0,2019-03-28 17:50:32.203605
1531,0699,18,92,2019-03-28 17:50:32.203622
1532,fe03,18,3,2019-03-28 17:50:32.203627
1533,1e50,18,12,2019-03-28 17:50:32.203632
1534,0020,18,0,2019-03-28 17:50:32.203636
1535,0000,18,0,2019-03-28 17:50:32.203640
1536,f312,18,0,2019-03-28 17:50:32.203644
1537,0007,24,92,2019-03-28 17:50:32.896074
1538,0535,24,1,2019-03-28 17:50:32.896108
1539,0000,24,0,2019-03-28 17:50:32.896120
1540,0000,24,113,2019-03-28 17:50:32.896129
1541,3a50,24,0,2019-03-28 17:50:32.896137
1542,473b,24,80,2019-03-28 17:50:32.896146
1543,0000,21,0,2019-03-28 17:50:32.896178
1544,f903,21,3,2019-03-28 17:50:32.896188
1545,1e50,21,12,2019-03-28 17:50:32.896197
1546,0020,21,0,2019-03-28 17:50:32.896206
1547,0000,21,0,2019-03-28 17:50:32.896214
1548,1315,21,0,2019-03-28 17:50:32.896223
1549,0000,19,0,2019-03-28 17:50:32.896246
1550,0f03,19,3,2019-03-28 17:50:32.896256
1551,1e50,19,12,2019-03-28 17:50:32.896265
1552,0020,19,0,2019-03-28 17:50:32.896274
1553,0000,19,0,2019-03-28 17:50:32.896294
1554,e31f,19,0,2019-03-28 17:50:32.896305
1555,0000,14,0,2019-03-28 17:50:33.005884
1556,0d03,14,3,2019-03-28 17:50:33.005911
1557,1e50,14,12,2019-03-28 17:50:33.005920
1558,0020,14,0,2019-03-28 17:50:33.005927
1559,0000,14,0,2019-03-28 17:50:33.005934
1560,230b,14,0,2019-03-28 17:50:33.005941
1561,0700,16,74,2019-03-28 17:50:33.108392
1562,0698,16,86,2019-03-28 17:50:33.108420
1563,0698,16,89,2019-03-28 17:50:33.108429
1564,0020,16,0,2019-03-28 17:50:33.108438
1565,0000,16,0,2019-03-28 17:50:33.108445
1566,3314,16,0,2019-03-28 17:50:33.108452
1567,0698,04,88,2019-03-28 17:50:33.108633
1568,fc03,04,3,2019-03-28 17:50:33.108646
1569,1e50,04,12,2019-03-28 17:50:33.108654
1570,0020,04,0,2019-03-28 17:50:33.108661
1571,0000,04,0,2019-03-28 17:50:33.108668
1572,f329,04,0,2019-03-28 17:50:33.108675
1573,0000,03,0,2019-03-28 17:50:34.314677
1574,0303,03,3,2019-03-28 17:50:34.314709
1575,1e50,03,12,2019-03-28 17:50:34.314720
1576,0020,03,0,2019-03-28 17:50:34.314729
1577,0000,03,0,2019-03-28 17:50:34.314737
1578,132d,03,0,2019-03-28 17:50:34.314746
1579,0699,18,91,2019-03-28 17:50:34.404644
1580,0699,18,92,2019-03-28 17:50:34.404672
1581,1e50,18,12,2019-03-28 17:50:34.404691
1582,0020,18,0,2019-03-28 17:50:34.404703
1583,0000,18,0,2019-03-28 17:50:34.404712
1584,d307,18,0,2019-03-28 17:50:34.404721
1585,0700,05,88,2019-03-28 17:50:34.405032
1586,0698,05,89,2019-03-28 17:50:34.405056
1587,0700,05,89,2019-03-28 17:50:34.405067
1588,0000,05,30,2019-03-28 17:50:34.405078
1589,8151,05,0,2019-03-28 17:50:34.405088
1590,b882,05,81,2019-03-28 17:50:34.405097
1591,0000,19,0,2019-03-28 17:50:34.405126
1592,f103,19,3,2019-03-28 17:50:34.405137
1593,1e50,19,12,2019-03-28 17:50:34.405146
1594,0020,19,0,2019-03-28 17:50:34.405156
1595,0000,19,0,2019-03-28 17:50:34.405165
1596,030e,19,0,2019-03-28 17:50:34.405175
1597,0000,02,0,2019-03-28 17:50:34.405199
1598,f603,02,3,2019-03-28 17:50:34.405209
1599,1e50,02,12,2019-03-28 17:50:34.405217
1600,0020,02,0,2019-03-28 17:50:34.405225
1601,0000,02,0,2019-03-28 17:50:34.405234
1602,f319,02,0,2019-03-28 17:50:34.405243
1603,0007,23,89,2019-03-28 17:50:34.405282
1604,f503,23,3,2019-03-28 17:50:34.405296
1605,1e50,23,12,2019-03-28 17:50:34.405312
1606,0020,23,0,2019-03-28 17:50:34.405322
1607,0000,23,0,2019-03-28 17:50:34.405331
1608,2309,23,0,2019-03-28 17:50:34.405341
1609,0698,17,91,2019-03-28 17:50:34.405539
1610,0700,17,90,2019-03-28 17:50:34.405554
1611,0698,17,90,2019-03-28 17:50:34.405563
1612,0020,17,0,2019-03-28 17:50:34.405571
1613,0000,17,0,2019-03-28 17:50:34.405579
1614,230e,17,0,2019-03-28 17:50:34.405590
1615,0000,09,0,2019-03-28 17:50:34.817439
1616,0d03,09,3,2019-03-28 17:50:34.817471
1617,1e50,09,12,2019-03-28 17:50:34.817482
1618,0020,09,0,2019-03-28 17:50:34.817491
1619,0000,09,0,2019-03-28 17:50:34.817502
1620,d31b,09,0,2019-03-28 17:50:34.817511
1621,0700,08,92,2019-03-28 17:50:34.817541
1622,0698,08,89,2019-03-28 17:50:34.817552
1623,1e50,08,12,2019-03-28 17:50:34.817560
1624,0020,08,0,2019-03-28 17:50:34.817569
1625,0000,08,0,2019-03-28 17:50:34.817577
1626,230a,08,0,2019-03-28 17:50:34.817586
1627,0698,08,91,2019-03-28 17:50:34.817609
1628,0699,08,89,2019-03-28 17:50:34.817619
1629,0000,08,0,2019-03-28 17:50:34.817638
1630,0020,08,0,2019-03-28 17:50:34.817649
1631,0000,08,0,2019-03-28 17:50:34.817658
1632,f30b,08,0,2019-03-28 17:50:34.817666
1633,0007,20,85,2019-03-28 17:50:34.817692
1634,0000,20,0,2019-03-28 17:50:34.817702
1635,1e50,20,12,2019-03-28 17:50:34.817710
1636,0020,20,0,2019-03-28 17:50:34.817719
1637,0000,20,0,2019-03-28 17:50:34.817727
1638,d308,20,0,2019-03-28 17:50:34.817736
1639,0699,15,88,2019-03-28 17:50:35.338605
1640,0203,15,3,2019-03-28 17:50:35.338637
1641,1e50,15,12,2019-03-28 17:50:35.338648
1642,0020,15,0,2019-03-28 17:50:35.338658
1643,0000,15,0,2019-03-28 17:50:35.338666
1644,130e,15,0,2019-03-28 17:50:35.338675
1645,0000,14,0,2019-03-28 17:50:35.471984
1646,fc03,14,3,2019-03-28 17:50:35.472016
1647,1e50,14,12,2019-03-28 17:50:35.472027
1648,0020,14,0,2019-03-28 17:50:35.472036
1649,0000,14,0,2019-03-28 17:50:35.472064
1650,3310,14,0,2019-03-28 17:50:35.472076
1651,0699,07,90,2019-03-28 17:50:35.472110
1652,0e03,07,3,2019-03-28 17:50:35.472121
1653,1e50,07,12,2019-03-28 17:50:35.472147
1654,0020,07,0,2019-03-28 17:50:35.472158
1655,0000,07,0,2019-03-28 17:50:35.472177
1656,130f,07,0,2019-03-28 17:50:35.472188
1657,0698,06,90,2019-03-28 17:50:35.472216
1658,0698,06,82,2019-03-28 17:50:35.472226
1659,1e50,06,12,2019-03-28 17:50:35.472235
1660,0020,06,0,2019-03-28 17:50:35.472243
1661,0000,06,0,2019-03-28 17:50:35.472252
1662,e31a,06,0,2019-03-28 17:50:35.472260
1663,0700,16,78,2019-03-28 17:50:35.472282
1664,0698,16,86,2019-03-28 17:50:35.472292
1665,1e50,16,12,2019-03-28 17:50:35.472301
1666,0020,16,0,2019-03-28 17:50:35.472309
1667,0000,16,0,2019-03-28 17:50:35.472318
1668,1309,16,0,2019-03-28 17:50:35.472336
1669,0698,04,90,2019-03-28 17:50:35.472554
1670,0698,04,85,2019-03-28 17:50:35.472570
1671,1e50,04,12,2019-03-28 17:50:35.472579
1672,0020,04,0,2019-03-28 17:50:35.472587
1673,0000,04,0,2019-03-28 17:50:35.472596
1674,d319,04,0,2019-03-28 17:50:35.472605
1675,0007,24,92,2019-03-28 17:50:35.563449
1676,0103,24,3,2019-03-28 17:50:35.563468
1677,1e50,24,12,2019-03-28 17:50:35.563473
1678,0020,24,0,2019-03-28 17:50:35.563478
1679,0000,24,0,2019-03-28 17:50:35.563482
1680,f32c,24,0,2019-03-28 17:50:35.563486
1681,0007,23,89,2019-03-28 17:50:35.563599
1682,0603,23,3,2019-03-28 17:50:35.563607
1683,1e50,23,12,2019-03-28 17:50:35.563611
1684,0020,23,0,2019-03-28 17:50:35.563616
1685,0000,23,0,2019-03-28 17:50:35.563620
1686,e326,23,0,2019-03-28 17:50:35.563624
1687,0000,03,0,2019-03-28 17:50:35.563715
1688,fc03,03,3,2019-03-28 17:50:35.563723
1689,1e50,03,12,2019-03-28 17:50:35.563727
1690,0020,03,0,2019-03-28 17:50:35.563731
1691,0000,03,0,2019-03-28 17:50:35.563735
1692,f317,03,0,2019-03-28 17:50:35.563740
1693,0699,18,91,2019-03-28 17:50:35.867028
1694,0403,18,3,2019-03-28 17:50:35.867054
1695,1e50,18,12,2019-03-28 17:50:35.867065
1696,0020,18,0,2019-03-28 17:50:35.867074
1697,0000,18,0,2019-03-28 17:50:35.867083
1698,330e,18,0,2019-03-28 17:50:35.867090
1699,0700,05,93,2019-03-28 17:50:36.362718
1700,0698,05,93,2019-03-28 17:50:36.362750
1701,0700,05,89,2019-03-28 17:50:36.362778
1702,0020,05,0,2019-03-28 17:50:36.362791
1703,0000,05,0,2019-03-28 17:50:36.362876
1704,330f,05,0,2019-03-28 17:50:36.362909
1705,0000,19,0,2019-03-28 17:50:36.362963
1706,0403,19,3,2019-03-28 17:50:36.362988
1707,1e50,19,12,2019-03-28 17:50:36.363000
1708,0020,19,0,2019-03-28 17:50:36.363009
1709,0000,19,0,2019-03-28 17:50:36.363017
1710,1309,19,0,2019-03-28 17:50:36.363026
1711,0000,09,0,2019-03-28 17:50:36.890939
1712,ff03,09,3,2019-03-28 17:50:36.890987
1713,1e50,09,12,2019-03-28 17:50:36.891002
1714,0020,09,0,2019-03-28 17:50:36.891011
1715,0000,09,0,2019-03-28 17:50:36.891020
1716,2321,09,0,2019-03-28 17:50:36.891029
1717,0700,08,92,2019-03-28 17:50:36.891063
1718,0699,08,90,2019-03-28 17:50:36.891074
1719,0000,08,0,2019-03-28 17:50:36.891082
1720,0020,08,0,2019-03-28 17:50:36.891091
1721,0000,08,0,2019-03-28 17:50:36.891099
1722,3319,08,0,2019-03-28 17:50:36.891108
1723,0007,20,87,2019-03-28 17:50:36.891132
1724,0000,20,0,2019-03-28 17:50:36.891152
1725,1e50,20,12,2019-03-28 17:50:36.891172
1726,0020,20,0,2019-03-28 17:50:36.891183
1727,0000,20,0,2019-03-28 17:50:36.891192
1728,1320,20,0,2019-03-28 17:50:36.891200
1729,0699,15,88,2019-03-28 17:50:37.396760
1730,fd03,15,3,2019-03-28 17:50:37.396792
1731,1e50,15,12,2019-03-28 17:50:37.396803
1732,0020,15,0,2019-03-28 17:50:37.396812
1733,0000,15,0,2019-03-28 17:50:37.396820
1734,d312,15,0,2019-03-28 17:50:37.396829
1735,0000,14,0,2019-03-28 17:50:37.487107
1736,0803,14,3,2019-03-28 17:50:37.487136
1737,1e50,14,12,2019-03-28 17:50:37.487147
1738,0020,14,0,2019-03-28 17:50:37.487156
1739,0000,14,0,2019-03-28 17:50:37.487165
1740,e321,14,0,2019-03-28 17:50:37.487173
1741,0698,16,86,2019-03-28 17:50:37.584190
1742,0700,16,81,2019-03-28 17:50:37.584209
1743,0698,16,89,2019-03-28 17:50:37.584215
1744,0020,16,0,2019-03-28 17:50:37.584220
1745,0000,16,0,2019-03-28 17:50:37.584224
1746,f31e,16,0,2019-03-28 17:50:37.584228
1747,0698,04,89,2019-03-28 17:50:38.008599
1748,0698,04,85,2019-03-28 17:50:38.008632
1749,1e50,04,12,2019-03-28 17:50:38.008660
1750,0020,04,0,2019-03-28 17:50:38.008673
1751,0000,04,0,2019-03-28 17:50:38.008682
1752,1309,04,0,2019-03-28 17:50:38.008696
1753,0007,24,92,2019-03-28 17:50:38.103961
1754,f803,24,3,2019-03-28 17:50:38.103995
1755,1e50,24,12,2019-03-28 17:50:38.104006
1756,0020,24,0,2019-03-28 17:50:38.104015
1757,0000,24,0,2019-03-28 17:50:38.104024
1758,f326,24,0,2019-03-28 17:50:38.104032
1759,0000,03,0,2019-03-28 17:50:38.104483
1760,fb03,03,3,2019-03-28 17:50:38.104520
1761,1e50,03,12,2019-03-28 17:50:38.104590
1762,0020,03,0,2019-03-28 17:50:38.104627
1763,0000,03,0,2019-03-28 17:50:38.104722
1764,f31c,03,0,2019-03-28 17:50:38.104742
1765,0000,09,0,2019-03-28 17:50:38.821345
1766,0703,09,3,2019-03-28 17:50:38.821377
1767,1e50,09,12,2019-03-28 17:50:38.821388
1768,0020,09,0,2019-03-28 17:50:38.821397
1769,0000,09,0,2019-03-28 17:50:38.821406
1770,f30b,09,0,2019-03-28 17:50:38.821414
1771,0700,05,93,2019-03-28 17:50:39.229986
1772,0698,05,93,2019-03-28 17:50:39.230018
1773,0700,05,89,2019-03-28 17:50:39.230030
1774,0020,05,0,2019-03-28 17:50:39.230040
1775,0000,05,0,2019-03-28 17:50:39.230049
1776,330f,05,0,2019-03-28 17:50:39.230057
1777,0000,19,0,2019-03-28 17:50:39.230088
1778,0403,19,3,2019-03-28 17:50:39.230098
1779,1e50,19,12,2019-03-28 17:50:39.230115
1780,0020,19,0,2019-03-28 17:50:39.230133
1781,0000,19,0,2019-03-28 17:50:39.230150
1782,1309,19,0,2019-03-28 17:50:39.230167
1783,0700,05,93,2019-03-28 17:50:39.230211
1784,0e03,05,3,2019-03-28 17:50:39.230228
1785,1e50,05,12,2019-03-28 17:50:39.230237
1786,0020,05,0,2019-03-28 17:50:39.230246
1787,0000,05,0,2019-03-28 17:50:39.230254
1788,232a,05,0,2019-03-28 17:50:39.230263
1789,0000,14,0,2019-03-28 17:50:39.330930
1790,0803,14,3,2019-03-28 17:50:39.330958
1791,1e50,14,12,2019-03-28 17:50:39.330969
1792,0020,14,0,2019-03-28 17:50:39.330979
1793,0000,14,0,2019-03-28 17:50:39.330989
1794,e321,14,0,2019-03-28 17:50:39.330998
1795,0700,08,92,2019-03-28 17:50:39.331386
1796,0699,08,90,2019-03-28 17:50:39.331406
1797,0000,08,0,2019-03-28 17:50:39.331425
1798,0020,08,0,2019-03-28 17:50:39.331436
1799,0000,08,0,2019-03-28 17:50:39.331444
1800,3319,08,0,2019-03-28 17:50:39.331452
1801,0700,08,90,2019-03-28 17:50:39.331480
1802,0698,08,89,2019-03-28 17:50:39.331490
1803,0000,08,0,2019-03-28 17:50:39.331508
1804,0020,08,0,2019-03-28 17:50:39.331518
1805,0000,08,0,2019-03-28 17:50:39.331527
1806,0316,08,0,2019-03-28 17:50:39.331536
1807,0000,13,0,2019-03-28 17:50:39.617014
1808,0903,13,3,2019-03-28 17:50:39.617048
1809,1e50,13,12,2019-03-28 17:50:39.617060
1810,0020,13,0,2019-03-28 17:50:39.617069
1811,0000,13,0,2019-03-28 17:50:39.617077
1812,3323,13,0,2019-03-28 17:50:39.617086
1813,0007,23,89,2019-03-28 17:50:39.617116
1814,0703,23,3,2019-03-28 17:50:39.617134
1815,1e50,23,12,2019-03-28 17:50:39.617152
1816,0020,23,0,2019-03-28 17:50:39.617170
1817,0000,23,0,2019-03-28 17:50:39.617187
1818,1311,23,0,2019-03-28 17:50:39.617204
1819,0000,03,0,2019-03-28 17:50:39.617251
1820,fb03,03,3,2019-03-28 17:50:39.617273
1821,1e50,03,12,2019-03-28 17:50:39.617300
1822,0020,03,0,2019-03-28 17:50:39.617312
1823,0000,03,0,2019-03-28 17:50:39.617321
1824,f31c,03,0,2019-03-28 17:50:39.617329
1825,0699,15,88,2019-03-28 17:50:39.617357
1826,0503,15,3,2019-03-28 17:50:39.617368
1827,1e50,15,12,2019-03-28 17:50:39.617377
1828,0020,15,0,2019-03-28 17:50:39.617388
1829,0000,15,0,2019-03-28 17:50:39.617397
1830,e32b,15,0,2019-03-28 17:50:39.617405
1831,0698,06,82,2019-03-28 17:50:39.703368
1832,0699,06,85,2019-03-28 17:50:39.703386
1833,0699,06,89,2019-03-28 17:50:39.703391
1834,0020,06,0,2019-03-28 17:50:39.703396
1835,0000,06,0,2019-03-28 17:50:39.703400
1836,1308,06,0,2019-03-28 17:50:39.703405
1837,0700,16,78,2019-03-28 17:50:39.703420
1838,0700,16,81,2019-03-28 17:50:39.703425
1839,1e50,16,12,2019-03-28 17:50:39.703429
1840,0020,16,0,2019-03-28 17:50:39.703433
1841,0000,16,0,2019-03-28 17:50:39.703437
1842,231a,16,0,2019-03-28 17:50:39.703441
1843,0000,09,0,2019-03-28 17:50:39.867722
1844,0703,09,3,2019-03-28 17:50:39.867755
1845,1e50,09,12,2019-03-28 17:50:39.867765
1846,0020,09,0,2019-03-28 17:50:39.867774
1847,0000,09,0,2019-03-28 17:50:39.867783
1848,f30b,09,0,2019-03-28 17:50:39.867791
1849,0007,20,91,2019-03-28 17:50:40.087911
1850,0000,20,0,2019-03-28 17:50:40.087952
1851,1e50,20,12,2019-03-28 17:50:40.087972
1852,0020,20,0,2019-03-28 17:50:40.087989
1853,0000,20,0,2019-03-28 17:50:40.088019
1854,132b,20,0,2019-03-28 17:50:40.088039
1855,0007,01,89,2019-03-28 17:50:40.522337
1856,0303,01,3,2019-03-28 17:50:40.522370
1857,1e50,01,12,2019-03-28 17:50:40.522381
1858,0020,01,0,2019-03-28 17:50:40.522391
1859,0000,01,0,2019-03-28 17:50:40.522399
1860,0312,01,0,2019-03-28 17:50:40.522408
1861,0700,17,89,2019-03-28 17:50:40.522438
1862,0700,17,90,2019-03-28 17:50:40.522534
1863,1e50,17,12,2019-03-28 17:50:40.522559
1864,0020,17,0,2019-03-28 17:50:40.522576
1865,0000,17,0,2019-03-28 17:50:40.522585
1866,e307,17,0,2019-03-28 17:50:40.522594
1867,0699,07,90,2019-03-28 17:50:40.522630
1868,f903,07,3,2019-03-28 17:50:40.522641
1869,1e50,07,12,2019-03-28 17:50:40.522664
1870,0020,07,0,2019-03-28 17:50:40.522676
1871,0000,07,0,2019-03-28 17:50:40.522685
1872,1327,07,0,2019-03-28 17:50:40.522694
1873,0698,04,89,2019-03-28 17:50:41.281582
1874,0603,04,3,2019-03-28 17:50:41.281615
1875,1e50,04,12,2019-03-28 17:50:41.281627
1876,0020,04,0,2019-03-28 17:50:41.281636
1877,0000,04,0,2019-03-28 17:50:41.281645
1878,031a,04,0,2019-03-28 17:50:41.281653
1879,0007,20,85,2019-03-28 17:50:41.383784
1880,0000,20,0,2019-03-28 17:50:41.383810
1881,1e50,20,12,2019-03-28 17:50:41.383821
1882,0020,20,0,2019-03-28 17:50:41.383830
1883,0000,20,0,2019-03-28 17:50:41.383840
1884,f326,20,0,2019-03-28 17:50:41.383849
1885,0700,05,91,2019-03-28 17:50:41.383878
1886,0698,05,93,2019-03-28 17:50:41.383889
1887,1e50,05,12,2019-03-28 17:50:41.383899
1888,0020,05,0,2019-03-28 17:50:41.383907
1889,0000,05,0,2019-03-28 17:50:41.383917
1890,f313,05,0,2019-03-28 17:50:41.383925
1891,0000,19,0,2019-03-28 17:50:41.383940
1892,f403,19,3,2019-03-28 17:50:41.383962
1893,1e50,19,12,2019-03-28 17:50:41.383980
1894,0020,19,0,2019-03-28 17:50:41.383992
1895,0000,19,0,2019-03-28 17:50:41.384001
1896,e315,19,0,2019-03-28 17:50:41.384011
1897,0000,02,0,2019-03-28 17:50:41.384036
1898,fa03,02,3,2019-03-28 17:50:41.384047
1899,1e50,02,12,2019-03-28 17:50:41.384056
1900,0020,02,0,2019-03-28 17:50:41.384065
1901,0000,02,0,2019-03-28 17:50:41.384075
1902,032b,02,0,2019-03-28 17:50:41.384084
1903,0700,18,91,2019-03-28 17:50:41.384368
1904,f203,18,3,2019-03-28 17:50:41.384385
1905,1e50,18,12,2019-03-28 17:50:41.384396
1906,0020,18,0,2019-03-28 17:50:41.384406
1907,0000,18,0,2019-03-28 17:50:41.384415
1908,331c,18,0,2019-03-28 17:50:41.384424
1909,0000,13,0,2019-03-28 17:50:41.470425
1910,fc03,13,3,2019-03-28 17:50:41.470444
1911,1e50,13,12,2019-03-28 17:50:41.470449
1912,0020,13,0,2019-03-28 17:50:41.470454
1913,0000,13,0,2019-03-28 17:50:41.470458
1914,f329,13,0,2019-03-28 17:50:41.470462
1915,0699,15,88,2019-03-28 17:50:43.443630
1916,0f03,15,3,2019-03-28 17:50:43.443663
1917,1e50,15,12,2019-03-28 17:50:43.443674
1918,0020,15,0,2019-03-28 17:50:43.443684
1919,0000,15,0,2019-03-28 17:50:43.443692
1920,0313,15,0,2019-03-28 17:50:43.443701
1921,0000,14,0,2019-03-28 17:50:43.525746
1922,0c03,14,3,2019-03-28 17:50:43.525765
1923,1e50,14,12,2019-03-28 17:50:43.525770
1924,0020,14,0,2019-03-28 17:50:43.525775
1925,0000,14,0,2019-03-28 17:50:43.525779
1926,f30e,14,0,2019-03-28 17:50:43.525783
1927,0698,04,89,2019-03-28 17:50:43.525943
1928,0903,04,3,2019-03-28 17:50:43.525951
1929,1e50,04,12,2019-03-28 17:50:43.525956
1930,0020,04,0,2019-03-28 17:50:43.525960
1931,0000,04,0,2019-03-28 17:50:43.525964
1932,3311,04,0,2019-03-28 17:50:43.525968
1933,0700,08,90,2019-03-28 17:50:43.525982
1934,f603,08,3,2019-03-28 17:50:43.525987
1935,1e50,08,12,2019-03-28 17:50:43.525991
1936,0020,08,0,2019-03-28 17:50:43.525995
1937,0000,08,0,2019-03-28 17:50:43.525999
1938,131f,08,0,2019-03-28 17:50:43.526003
1939,0007,24,92,2019-03-28 17:50:43.526014
1940,f703,24,3,2019-03-28 17:50:43.526019
1941,1e50,24,12,2019-03-28 17:50:43.526023
1942,0020,24,0,2019-03-28 17:50:43.526027
1943,0000,24,0,2019-03-28 17:50:43.526032
1944,0323,24,0,2019-03-28 17:50:43.526036
1945,0007,23,88,2019-03-28 17:50:43.526127
1946,fa03,23,3,2019-03-28 17:50:43.526134
1947,1e50,23,12,2019-03-28 17:50:43.526138
1948,0020,23,0,2019-03-28 17:50:43.526143
1949,0000,23,0,2019-03-28 17:50:43.526147
1950,1310,23,0,2019-03-28 17:50:43.526151
1951,0007,20,85,2019-03-28 17:50:43.526249
1952,0000,20,0,2019-03-28 17:50:43.526257
1953,1e50,20,12,2019-03-28 17:50:43.526267
1954,0020,20,0,2019-03-28 17:50:43.526272
1955,0000,20,0,2019-03-28 17:50:43.526276
1956,2318,20,0,2019-03-28 17:50:43.526284
1957,0000,19,0,2019-03-28 17:50:43.526298
1958,fc03,19,3,2019-03-28 17:50:43.526303
1959,1e50,19,12,2019-03-28 17:50:43.526307
1960,0020,19,0,2019-03-28 17:50:43.526311
1961,0000,19,0,2019-03-28 17:50:43.526315
1962,f329,19,0,2019-03-28 17:50:43.526320
1963,0000,03,0,2019-03-28 17:50:43.829116
1964,0535,03,1,2019-03-28 17:50:43.829141
1965,0000,03,0,2019-03-28 17:50:43.829170
1966,0000,03,72,2019-03-28 17:50:43.829183
1967,2856,03,0,2019-03-28 17:50:43.829192
1968,1d29,03,86,2019-03-28 17:50:43.829201
1969,0700,18,90,2019-03-28 17:50:43.921763
1970,0699,18,92,2019-03-28 17:50:43.921783
1971,0700,18,90,2019-03-28 17:50:43.921789
1972,0020,18,0,2019-03-28 17:50:43.921793
1973,0000,18,0,2019-03-28 17:50:43.921798
1974,d30c,18,0,2019-03-28 17:50:43.921802
1975,0700,05,91,2019-03-28 17:50:44.760595
1976,f903,05,3,2019-03-28 17:50:44.760628
1977,1e50,05,12,2019-03-28 17:50:44.760640
1978,0020,05,0,2019-03-28 17:50:44.760649
1979,0000,05,0,2019-03-28 17:50:44.760658
1980,331a,05,0,2019-03-28 17:50:44.760666
1981,0000,21,0,2019-03-28 17:50:44.760751
1982,0535,21,1,2019-03-28 17:50:44.760781
1983,0000,14,0,2019-03-28 17:50:44.908445
1984,fa03,14,3,2019-03-28 17:50:44.908477
1985,1e50,14,12,2019-03-28 17:50:44.908488
1986,0020,14,0,2019-03-28 17:50:44.908497
1987,0000,14,0,2019-03-28 17:50:44.908506
1988,0319,14,0,2019-03-28 17:50:44.908515
1989,0699,17,90,2019-03-28 17:50:44.908564
1990,0698,17,90,2019-03-28 17:50:44.908577
1991,0700,17,90,2019-03-28 17:50:44.908587
1992,0000,17,0,2019-03-28 17:50:44.908596
1993,0000,17,0,2019-03-28 17:50:44.908614
1994,0310,17,0,2019-03-28 17:50:44.908624
1995,0699,06,89,2019-03-28 17:50:44.908651
1996,0698,06,82,2019-03-28 17:50:44.908662
1997,0699,06,89,2019-03-28 17:50:44.908671
1998,0020,06,0,2019-03-28 17:50:44.908679
1999,0000,06,0,2019-03-28 17:50:44.908688
